ApplicantID,Gender,Age,MonthlyIncome,LoanAmount,CreditScore,EmploymentStatus,ExistingLoans,LoanTerm,PropertyArea,LoanApproved
100001,Female,33.0,27013.0,134160.0,603.0,Self-Employed,1.0,12.0,Semi-Urban,1
100002,Male,54.0,47804.0,94850.0,633.0,Employed,1.0,48.0,Urban,1
100003,Female,22.0,22364.0,70308.0,573.0,Employed,0.0,24.0,Urban,1
100004,Female,38.0,38160.0,240023.0,702.0,Self-Employed,0.0,36.0,Urban,0
100005,Male,53.0,49860.0,135163.0,718.0,Employed,1.0,36.0,Rural,1
100006,Female,59.0,74096.0,221615.0,846.0,Self-Employed,2.0,36.0,Urban,1
100007,Female,31.0,24815.0,100409.0,608.0,Employed,2.0,24.0,Urban,1
100008,Female,47.0,49313.0,283437.0,729.0,Employed,2.0,36.0,Urban,0
100009,Male,28.0,44813.0,87311.0,654.0,Employed,1.0,12.0,Urban,1
100010,Male,25.0,29338.0,75452.0,608.0,Self-Employed,2.0,36.0,Rural,1
100011,Male,35.0,47552.0,195204.0,781.0,Employed,2.0,48.0,Urban,1
100012,Female,56.0,72212.0,347348.0,790.0,Self-Employed,2.0,36.0,Urban,1
100013,Female,48.0,39093.0,174229.0,643.0,Self-Employed,1.0,36.0,Rural,1
100014,Female,40.0,34674.0,195393.0,563.0,Self-Employed,2.0,36.0,Urban,1
100015,Male,32.0,20097.0,165292.0,625.0,Employed,3.0,36.0,Semi-Urban,0
100016,Male,26.0,22242.0,169032.0,565.0,Self-Employed,2.0,60.0,Rural,0
100017,Male,31.0,18917.0,110770.0,495.0,Unemployed,1.0,36.0,Semi-Urban,0
100018,Male,27.0,31976.0,69564.0,644.0,Employed,1.0,60.0,Urban,1
100019,Female,28.0,40762.0,95323.0,622.0,Employed,2.0,60.0,Semi-Urban,1
100020,Female,48.0,51398.0,140512.0,690.0,Employed,0.0,36.0,Semi-Urban,1
100021,Female,26.0,18152.0,93536.0,482.0,Employed,2.0,36.0,Semi-Urban,0
100022,Male,22.0,7000.0,62069.0,427.0,Self-Employed,1.0,48.0,Urban,0
100023,Female,42.0,41947.0,186969.0,769.0,Employed,2.0,48.0,Rural,0
100024,Female,32.0,30409.0,20032.0,590.0,Employed,1.0,24.0,Semi-Urban,0
100025,Female,39.0,39995.0,215828.0,710.0,Employed,1.0,24.0,Semi-Urban,0
100026,,26.0,48775.0,347847.0,687.0,Employed,1.0,24.0,Rural,1
100027,Male,29.0,41687.0,83997.0,735.0,Employed,0.0,48.0,Rural,1
100028,Male,38.0,55121.0,342716.0,696.0,Self-Employed,1.0,48.0,Semi-Urban,1
100029,Male,48.0,36155.0,225390.0,665.0,Employed,2.0,24.0,Urban,1
100030,Female,37.0,29444.0,127504.0,628.0,Employed,2.0,36.0,Urban,1
100031,Female,42.0,48962.0,274574.0,847.0,Self-Employed,0.0,48.0,Semi-Urban,1
100032,Female,41.0,30695.0,138505.0,667.0,Employed,1.0,60.0,Urban,1
100033,Male,31.0,35006.0,79106.0,624.0,Employed,3.0,24.0,Semi-Urban,1
100034,Male,32.0,34383.0,138447.0,690.0,Employed,1.0,36.0,Semi-Urban,1
100035,Male,38.0,14640.0,20000.0,636.0,Unemployed,0.0,36.0,Semi-Urban,0
100036,Male,22.0,42462.0,251244.0,593.0,Self-Employed,0.0,36.0,Urban,0
100037,Male,48.0,48928.0,335659.0,687.0,Employed,1.0,24.0,Rural,1
100038,Male,45.0,23651.0,52617.0,580.0,Employed,1.0,24.0,Semi-Urban,1
100039,Male,33.0,30584.0,131007.0,609.0,Employed,0.0,48.0,Semi-Urban,1
100040,Female,35.0,45774.0,122621.0,683.0,Self-Employed,3.0,36.0,Semi-Urban,1
100041,Male,34.0,43974.0,104625.0,634.0,Employed,1.0,24.0,Urban,1
100042,,47.0,33550.0,188733.0,700.0,Unemployed,1.0,36.0,Semi-Urban,0
100043,Female,51.0,69935.0,175687.0,757.0,Self-Employed,2.0,24.0,Urban,1
100044,Male,25.0,24646.0,161969.0,588.0,Employed,4.0,36.0,Semi-Urban,0
100045,Female,37.0,28819.0,123431.0,664.0,Self-Employed,1.0,36.0,Urban,1
100046,Female,21.0,7000.0,70192.0,474.0,Unemployed,1.0,24.0,Urban,0
100047,Male,39.0,51271.0,169055.0,693.0,Employed,1.0,12.0,Urban,1
100048,Male,30.0,51252.0,231672.0,657.0,Self-Employed,1.0,60.0,Urban,1
100049,Female,34.0,27175.0,192986.0,575.0,Unemployed,0.0,60.0,Rural,0
100050,Male,39.0,55748.0,292544.0,730.0,Employed,1.0,12.0,Rural,1
100051,Male,33.0,52879.0,154950.0,752.0,Self-Employed,2.0,36.0,Urban,1
100052,Male,36.0,42704.0,248191.0,622.0,Employed,0.0,12.0,Urban,1
100053,Female,51.0,49064.0,156968.0,764.0,Self-Employed,2.0,48.0,Semi-Urban,1
100054,Female,53.0,82977.0,181050.0,850.0,Self-Employed,1.0,60.0,Urban,1
100055,Female,21.0,24436.0,99991.0,608.0,Employed,2.0,36.0,,1
100056,Female,36.0,29870.0,166657.0,707.0,Employed,0.0,36.0,Urban,1
100057,Male,54.0,46281.0,266356.0,695.0,Employed,0.0,36.0,Semi-Urban,1
100058,Male,42.0,44181.0,260813.0,667.0,Employed,0.0,24.0,Rural,1
100059,Male,29.0,7000.0,31982.0,470.0,Employed,4.0,36.0,Urban,0
100060,Male,44.0,51696.0,158612.0,738.0,Employed,2.0,24.0,Rural,1
100061,Female,26.0,12057.0,24007.0,524.0,Employed,1.0,48.0,Rural,0
100062,Male,21.0,22447.0,74606.0,541.0,Employed,4.0,36.0,Rural,0
100063,Male,46.0,39241.0,231945.0,568.0,Employed,0.0,24.0,Semi-Urban,0
100064,Female,41.0,45827.0,119474.0,670.0,Self-Employed,3.0,36.0,Rural,1
100065,Female,51.0,41917.0,219761.0,714.0,Employed,1.0,48.0,Semi-Urban,0
100066,Male,34.0,30365.0,166748.0,638.0,Employed,3.0,36.0,Rural,0
100067,Male,55.0,78073.0,477915.0,850.0,Employed,2.0,36.0,Urban,1
100068,Male,37.0,52221.0,102966.0,850.0,Employed,0.0,48.0,Semi-Urban,1
100069,Male,50.0,63154.0,212790.0,839.0,Self-Employed,1.0,12.0,Semi-Urban,1
100070,Male,25.0,22096.0,151065.0,660.0,Employed,1.0,36.0,Urban,0
100071,Male,24.0,31430.0,141922.0,678.0,Employed,2.0,36.0,Urban,1
100072,Male,52.0,56660.0,248839.0,845.0,Unemployed,1.0,24.0,Urban,1
100073,Female,54.0,53342.0,314709.0,845.0,Self-Employed,2.0,60.0,Urban,1
100074,Male,58.0,66771.0,461901.0,850.0,Self-Employed,2.0,36.0,Urban,1
100075,Male,33.0,18337.0,34634.0,587.0,Self-Employed,2.0,36.0,Urban,1
100076,Male,21.0,22477.0,179391.0,550.0,Unemployed,2.0,24.0,Urban,0
100077,Male,60.0,85680.0,218504.0,850.0,Employed,3.0,60.0,Semi-Urban,1
100078,Female,45.0,45361.0,299812.0,695.0,Employed,2.0,60.0,Urban,0
100079,Male,30.0,7000.0,20000.0,535.0,Employed,3.0,12.0,Urban,0
100080,Female,51.0,58307.0,169197.0,746.0,Employed,0.0,36.0,Urban,1
100081,Female,57.0,46751.0,72558.0,711.0,Employed,1.0,24.0,Urban,1
100082,Male,32.0,22140.0,150182.0,455.0,Employed,1.0,48.0,Urban,0
100083,Female,51.0,67519.0,516832.0,850.0,Self-Employed,3.0,36.0,Rural,1
100084,Male,52.0,64155.0,183132.0,791.0,Self-Employed,1.0,24.0,Urban,1
100085,Male,41.0,43143.0,132765.0,711.0,Self-Employed,2.0,36.0,Urban,0
100086,Male,46.0,37705.0,146794.0,751.0,Employed,0.0,60.0,Semi-Urban,1
100087,Female,31.0,30510.0,83498.0,648.0,Employed,2.0,36.0,Rural,1
100088,Male,58.0,53786.0,340200.0,840.0,Employed,0.0,12.0,Semi-Urban,1
100089,Male,60.0,47589.0,107083.0,658.0,Employed,0.0,60.0,Urban,1
100090,Male,60.0,47909.0,313128.0,835.0,Unemployed,1.0,24.0,Semi-Urban,1
100091,Male,50.0,62975.0,412292.0,850.0,Self-Employed,2.0,36.0,Semi-Urban,1
100092,Female,22.0,7963.0,20000.0,492.0,Unemployed,1.0,36.0,Urban,0
100093,Male,35.0,25438.0,89639.0,666.0,Self-Employed,0.0,24.0,Rural,1
100094,Male,38.0,39569.0,299276.0,592.0,Unemployed,1.0,24.0,Rural,1
100095,Male,59.0,26934.0,198488.0,595.0,Employed,3.0,24.0,Semi-Urban,1
100096,Female,42.0,35744.0,234451.0,740.0,Employed,1.0,12.0,Urban,1
100097,Male,42.0,33658.0,82118.0,546.0,Employed,1.0,36.0,Semi-Urban,1
100098,Male,26.0,25278.0,20000.0,633.0,Employed,1.0,48.0,Rural,1
100099,Male,52.0,58840.0,335405.0,818.0,Employed,2.0,24.0,Rural,1
100100,Female,34.0,45821.0,211004.0,825.0,Employed,1.0,48.0,Urban,1
100101,Female,24.0,7000.0,77971.0,388.0,Unemployed,1.0,36.0,Urban,0
100102,Female,60.0,67939.0,421040.0,850.0,Employed,0.0,12.0,Urban,1
100103,Male,28.0,19050.0,72407.0,512.0,Unemployed,2.0,36.0,Rural,0
100104,Female,21.0,7000.0,20000.0,461.0,Self-Employed,1.0,24.0,Semi-Urban,0
100105,Female,24.0,53106.0,207875.0,674.0,Self-Employed,0.0,36.0,Urban,1
100106,Female,39.0,29535.0,188072.0,551.0,Self-Employed,2.0,36.0,Urban,0
100107,Male,25.0,27434.0,139422.0,636.0,Employed,1.0,48.0,Urban,1
100108,Male,54.0,67980.0,162949.0,763.0,Self-Employed,2.0,60.0,Rural,1
100109,Male,41.0,43308.0,294723.0,743.0,Employed,2.0,24.0,Urban,1
100110,Female,33.0,16265.0,89723.0,491.0,Unemployed,0.0,60.0,Urban,0
100111,Male,21.0,27927.0,141373.0,550.0,Employed,0.0,24.0,Semi-Urban,0
100112,,40.0,20176.0,139653.0,545.0,Employed,1.0,12.0,Semi-Urban,0
100113,Male,27.0,32810.0,114957.0,647.0,Self-Employed,2.0,24.0,Semi-Urban,0
100114,Male,60.0,63134.0,410799.0,782.0,Self-Employed,2.0,48.0,Rural,1
100115,Male,32.0,21972.0,172421.0,586.0,Employed,2.0,48.0,Urban,0
100116,Female,39.0,51945.0,135728.0,774.0,Self-Employed,2.0,60.0,Urban,1
100117,Female,21.0,30930.0,160186.0,693.0,Employed,3.0,48.0,Urban,1
100118,Female,26.0,28381.0,48124.0,587.0,Self-Employed,0.0,36.0,Semi-Urban,1
100119,Male,29.0,36168.0,176958.0,605.0,Employed,1.0,60.0,Rural,1
100120,Female,23.0,20797.0,132371.0,581.0,Employed,2.0,60.0,Urban,0
100121,Female,50.0,39187.0,180760.0,705.0,Employed,4.0,48.0,Semi-Urban,1
100122,Female,58.0,55605.0,346826.0,690.0,Employed,0.0,36.0,Semi-Urban,1
100123,Male,60.0,57306.0,260594.0,731.0,Employed,3.0,48.0,Rural,1
100124,Male,31.0,20640.0,123835.0,537.0,Employed,1.0,24.0,Semi-Urban,0
100125,Male,52.0,57242.0,297436.0,768.0,Employed,1.0,60.0,Urban,1
100126,Male,41.0,42816.0,180967.0,658.0,Employed,1.0,60.0,Semi-Urban,0
100127,Male,22.0,7000.0,20000.0,539.0,Employed,2.0,48.0,Rural,0
100128,Male,24.0,7000.0,22464.0,412.0,Employed,3.0,24.0,Semi-Urban,0
100129,Male,42.0,55196.0,348599.0,666.0,Self-Employed,0.0,24.0,Rural,1
100130,Female,37.0,16817.0,38134.0,512.0,Unemployed,2.0,60.0,Urban,0
100131,Male,21.0,21624.0,119958.0,572.0,Employed,0.0,60.0,Semi-Urban,0
100132,Female,58.0,59071.0,242530.0,685.0,Unemployed,2.0,48.0,Urban,0
100133,Female,50.0,34649.0,169878.0,621.0,Employed,3.0,60.0,Urban,1
100134,Male,41.0,23062.0,100158.0,568.0,Employed,2.0,36.0,Urban,1
100135,Female,60.0,89993.0,343477.0,850.0,Self-Employed,3.0,60.0,Urban,1
100136,Male,59.0,73019.0,367090.0,850.0,Self-Employed,1.0,24.0,Urban,1
100137,Female,59.0,63769.0,288972.0,765.0,Self-Employed,2.0,24.0,Semi-Urban,1
100138,Male,31.0,17793.0,20000.0,642.0,Employed,1.0,36.0,Rural,1
100139,Female,56.0,59375.0,252203.0,803.0,Self-Employed,3.0,36.0,Urban,0
100140,Male,41.0,25713.0,58458.0,560.0,Employed,3.0,36.0,Urban,0
100141,Male,50.0,60501.0,187862.0,803.0,Employed,0.0,48.0,Urban,1
100142,Male,55.0,46079.0,286287.0,724.0,Employed,1.0,12.0,Urban,1
100143,Female,27.0,28722.0,63348.0,663.0,Unemployed,2.0,48.0,Urban,1
100144,Male,38.0,31892.0,181976.0,606.0,Employed,2.0,12.0,Semi-Urban,0
100145,Male,26.0,19980.0,58290.0,600.0,Self-Employed,1.0,48.0,Rural,1
100146,Male,32.0,33984.0,111606.0,638.0,,1.0,24.0,Semi-Urban,1
100147,Male,37.0,13110.0,77718.0,602.0,Self-Employed,2.0,48.0,Semi-Urban,0
100148,Male,55.0,62951.0,282885.0,850.0,Self-Employed,2.0,36.0,Semi-Urban,1
100149,Male,55.0,62359.0,324073.0,804.0,Self-Employed,3.0,36.0,Urban,1
100150,Male,36.0,44397.0,286526.0,694.0,Employed,1.0,24.0,Urban,1
100151,Female,34.0,9664.0,61342.0,543.0,Employed,1.0,12.0,Urban,0
100152,Female,42.0,55042.0,116985.0,758.0,Employed,0.0,36.0,Urban,1
100153,Male,57.0,67447.0,191275.0,850.0,Employed,2.0,24.0,Rural,1
100154,Male,60.0,75925.0,560663.0,850.0,Employed,3.0,24.0,Semi-Urban,1
100155,Male,30.0,27267.0,61556.0,591.0,Employed,0.0,48.0,Semi-Urban,1
100156,Female,28.0,37867.0,203660.0,647.0,Employed,0.0,24.0,Urban,1
100157,Male,49.0,31145.0,173012.0,568.0,Employed,0.0,24.0,Urban,0
100158,Female,33.0,39757.0,184076.0,713.0,Employed,3.0,36.0,Rural,1
100159,Female,28.0,7446.0,20000.0,433.0,Unemployed,0.0,36.0,Urban,0
100160,Female,22.0,7000.0,62823.0,561.0,Employed,0.0,36.0,Semi-Urban,0
100161,Male,37.0,13110.0,51600.0,438.0,Unemployed,1.0,48.0,Urban,0
100162,Female,36.0,25566.0,165715.0,586.0,Unemployed,0.0,36.0,Urban,0
100163,Male,43.0,32308.0,162135.0,704.0,Employed,2.0,36.0,Urban,1
100164,Male,29.0,40313.0,147947.0,552.0,Self-Employed,1.0,36.0,Rural,1
100165,Male,49.0,27101.0,181384.0,723.0,Employed,0.0,24.0,Urban,1
100166,Male,48.0,31175.0,135718.0,,Self-Employed,0.0,48.0,Semi-Urban,1
100167,Female,39.0,54269.0,156040.0,771.0,Employed,2.0,36.0,Urban,1
100168,Female,28.0,36546.0,230146.0,696.0,Employed,1.0,48.0,Semi-Urban,1
100169,Male,41.0,27408.0,189328.0,654.0,Employed,2.0,36.0,Semi-Urban,1
100170,Female,47.0,46564.0,134814.0,735.0,Employed,3.0,36.0,Semi-Urban,0
100171,Male,35.0,36634.0,241461.0,695.0,Unemployed,3.0,36.0,Urban,0
100172,Male,31.0,43030.0,113412.0,714.0,Self-Employed,3.0,60.0,Urban,1
100173,Male,41.0,50779.0,98957.0,826.0,Self-Employed,0.0,36.0,Rural,1
100174,Female,35.0,37542.0,113439.0,674.0,Unemployed,0.0,36.0,Semi-Urban,0
100175,Male,37.0,35831.0,210682.0,754.0,Self-Employed,0.0,60.0,Urban,1
100176,Male,34.0,32674.0,48012.0,693.0,Employed,0.0,36.0,Urban,1
100177,Male,33.0,39986.0,106702.0,569.0,Self-Employed,1.0,36.0,Urban,0
100178,Female,49.0,45527.0,271270.0,850.0,Employed,2.0,24.0,Semi-Urban,1
100179,Female,39.0,33122.0,129664.0,614.0,Employed,0.0,24.0,Urban,1
100180,Female,39.0,38674.0,105837.0,759.0,Employed,2.0,48.0,Urban,1
100181,Female,47.0,38013.0,130202.0,649.0,Unemployed,0.0,24.0,Urban,1
100182,Female,35.0,20819.0,159630.0,636.0,Employed,1.0,12.0,Semi-Urban,0
100183,Male,25.0,32022.0,153341.0,602.0,Employed,1.0,12.0,Rural,1
100184,Male,55.0,43683.0,224274.0,739.0,Employed,0.0,60.0,Semi-Urban,1
100185,Female,23.0,17581.0,41496.0,545.0,Employed,1.0,36.0,Semi-Urban,0
100186,Female,43.0,38657.0,212948.0,763.0,Employed,2.0,36.0,Semi-Urban,1
100187,Male,31.0,42297.0,224148.0,706.0,Self-Employed,1.0,60.0,Urban,1
100188,Male,29.0,10371.0,50778.0,556.0,Self-Employed,2.0,36.0,Semi-Urban,0
100189,Female,22.0,29791.0,113731.0,508.0,Employed,1.0,48.0,Urban,1
100190,Male,57.0,49476.0,134259.0,732.0,Employed,1.0,48.0,Urban,1
100191,Female,38.0,51340.0,198514.0,769.0,Employed,0.0,36.0,Semi-Urban,1
100192,Male,34.0,26562.0,92842.0,622.0,Employed,1.0,48.0,Urban,1
100193,Male,50.0,49314.0,327159.0,788.0,Employed,3.0,60.0,Semi-Urban,1
100194,Female,22.0,51065.0,209316.0,710.0,Self-Employed,2.0,24.0,Semi-Urban,0
100195,Male,43.0,47872.0,226527.0,715.0,Self-Employed,0.0,12.0,Urban,1
100196,Male,40.0,53766.0,131875.0,825.0,Employed,1.0,48.0,Urban,1
100197,Female,43.0,42669.0,207934.0,573.0,Employed,3.0,36.0,Semi-Urban,0
100198,Female,25.0,27385.0,118538.0,646.0,Employed,1.0,36.0,Semi-Urban,1
100199,Male,59.0,60640.0,395229.0,780.0,Employed,2.0,24.0,Rural,1
100200,Male,30.0,29074.0,147856.0,548.0,Unemployed,0.0,48.0,Urban,0
100201,Female,48.0,48474.0,256136.0,734.0,Self-Employed,1.0,48.0,Rural,1
100202,Female,50.0,29091.0,58700.0,666.0,Unemployed,1.0,60.0,,0
100203,Male,34.0,15637.0,106708.0,581.0,Unemployed,0.0,36.0,Urban,1
100204,Male,26.0,33697.0,218774.0,626.0,Self-Employed,0.0,60.0,Semi-Urban,1
100205,Male,32.0,18450.0,84857.0,587.0,Unemployed,1.0,36.0,Urban,1
100206,Male,53.0,61723.0,340140.0,850.0,Employed,2.0,36.0,Urban,1
100207,Male,57.0,73257.0,472606.0,850.0,Employed,1.0,48.0,Urban,1
100208,Female,58.0,46990.0,298307.0,685.0,Employed,0.0,36.0,Rural,0
100209,Male,30.0,19093.0,70717.0,533.0,Employed,2.0,36.0,Rural,0
100210,Male,45.0,27165.0,56873.0,659.0,Employed,0.0,24.0,Rural,1
100211,Female,27.0,48964.0,225150.0,731.0,Employed,1.0,36.0,Urban,1
100212,Female,49.0,61456.0,373447.0,731.0,Self-Employed,1.0,48.0,Semi-Urban,0
100213,Male,37.0,50358.0,253437.0,634.0,Self-Employed,1.0,12.0,Rural,1
100214,Female,49.0,32717.0,115163.0,689.0,Employed,1.0,48.0,Urban,1
100215,Female,48.0,47686.0,240224.0,697.0,Employed,1.0,36.0,Urban,1
100216,Female,60.0,76011.0,188410.0,850.0,Self-Employed,2.0,24.0,Urban,1
100217,Male,40.0,35867.0,117259.0,729.0,Employed,0.0,48.0,Semi-Urban,1
100218,Male,34.0,45208.0,123884.0,641.0,Employed,1.0,24.0,Semi-Urban,0
100219,Female,42.0,68842.0,156998.0,842.0,Employed,0.0,60.0,Urban,1
100220,Male,27.0,13235.0,50230.0,526.0,Employed,3.0,60.0,Urban,0
100221,Male,25.0,10135.0,20000.0,539.0,Employed,2.0,36.0,Semi-Urban,1
100222,Male,41.0,38467.0,106822.0,729.0,Self-Employed,1.0,36.0,Semi-Urban,1
100223,Female,54.0,82574.0,359644.0,832.0,Self-Employed,3.0,12.0,Urban,1
100224,Female,42.0,62608.0,262104.0,826.0,Self-Employed,1.0,48.0,Urban,1
100225,Male,52.0,50474.0,209513.0,799.0,Employed,1.0,24.0,Rural,1
100226,Female,28.0,35139.0,107803.0,,Self-Employed,1.0,60.0,Semi-Urban,1
100227,Male,38.0,35901.0,65729.0,639.0,Self-Employed,0.0,60.0,Semi-Urban,1
100228,Male,45.0,55080.0,303051.0,791.0,Employed,1.0,24.0,Semi-Urban,1
100229,Female,34.0,36741.0,92116.0,670.0,Self-Employed,0.0,48.0,Rural,1
100230,Male,21.0,14879.0,52855.0,576.0,Employed,2.0,36.0,Urban,1
100231,Male,23.0,27505.0,82900.0,645.0,Employed,3.0,36.0,Urban,1
100232,Male,58.0,56444.0,171640.0,721.0,Employed,1.0,24.0,Urban,1
100233,Female,45.0,41580.0,62692.0,747.0,Employed,0.0,48.0,Rural,1
100234,Female,31.0,29127.0,99442.0,688.0,Employed,1.0,24.0,Urban,1
100235,Female,31.0,38544.0,137982.0,686.0,Employed,0.0,60.0,Urban,1
100236,Female,22.0,38858.0,80550.0,595.0,Employed,2.0,36.0,Urban,0
100237,Male,58.0,56726.0,391284.0,746.0,Unemployed,4.0,36.0,Semi-Urban,1
100238,Female,25.0,32040.0,111862.0,650.0,Employed,0.0,60.0,Semi-Urban,1
100239,Male,51.0,48602.0,154288.0,669.0,Employed,2.0,48.0,Urban,1
100240,Male,30.0,19406.0,118213.0,550.0,Employed,2.0,36.0,Urban,1
100241,Female,34.0,49148.0,154872.0,642.0,Self-Employed,1.0,36.0,Semi-Urban,1
100242,Female,31.0,31055.0,152064.0,668.0,Employed,0.0,36.0,Urban,1
100243,Male,53.0,27128.0,63037.0,597.0,Unemployed,2.0,36.0,Semi-Urban,0
100244,Male,22.0,15163.0,96122.0,455.0,Employed,0.0,60.0,Urban,0
100245,Female,35.0,32405.0,224542.0,661.0,Employed,1.0,24.0,Rural,1
100246,Female,32.0,23975.0,80865.0,592.0,Employed,1.0,36.0,Urban,1
100247,Female,31.0,46781.0,105966.0,750.0,Employed,2.0,48.0,Semi-Urban,1
100248,Male,28.0,40458.0,250354.0,650.0,Self-Employed,1.0,36.0,Urban,0
100249,Male,57.0,83078.0,553393.0,850.0,Self-Employed,4.0,60.0,Urban,1
100250,Male,36.0,37661.0,98116.0,628.0,Employed,3.0,24.0,Semi-Urban,1
100251,Female,37.0,27577.0,135814.0,560.0,Unemployed,0.0,12.0,Semi-Urban,0
100252,Female,36.0,23261.0,20000.0,592.0,Employed,2.0,36.0,Semi-Urban,1
100253,Male,60.0,61043.0,290722.0,809.0,Employed,1.0,36.0,Semi-Urban,1
100254,Male,34.0,32457.0,169880.0,631.0,Employed,1.0,60.0,Semi-Urban,1
100255,Male,34.0,15895.0,71030.0,527.0,Employed,5.0,36.0,Rural,0
100256,Female,34.0,34826.0,49396.0,621.0,Self-Employed,3.0,24.0,Urban,1
100257,Female,34.0,28421.0,132075.0,757.0,Employed,0.0,36.0,Rural,1
100258,Male,24.0,26262.0,61253.0,565.0,Employed,2.0,36.0,Urban,0
100259,Male,45.0,49936.0,291694.0,708.0,Employed,1.0,36.0,Urban,0
100260,Female,22.0,12124.0,47333.0,710.0,Employed,0.0,24.0,Semi-Urban,1
100261,Male,30.0,33526.0,215994.0,671.0,Employed,1.0,36.0,Urban,1
100262,Female,29.0,33615.0,205350.0,558.0,Self-Employed,0.0,60.0,Urban,1
100263,,32.0,7000.0,95053.0,547.0,Employed,0.0,36.0,Urban,0
100264,Male,51.0,45184.0,254459.0,663.0,Employed,2.0,48.0,Semi-Urban,0
100265,Female,44.0,56248.0,114040.0,824.0,Employed,0.0,24.0,Semi-Urban,1
100266,Male,60.0,40718.0,258379.0,676.0,Employed,1.0,48.0,Urban,1
100267,Male,35.0,34752.0,162656.0,631.0,,1.0,24.0,Urban,1
100268,Male,58.0,86723.0,337125.0,850.0,Self-Employed,2.0,36.0,Urban,1
100269,Male,22.0,7000.0,20000.0,507.0,Unemployed,1.0,36.0,Urban,0
100270,Male,41.0,40026.0,273708.0,738.0,Employed,0.0,12.0,Urban,1
100271,Male,52.0,27452.0,155491.0,613.0,Unemployed,0.0,36.0,Urban,0
100272,Male,42.0,60627.0,312922.0,774.0,Employed,0.0,24.0,Rural,1
100273,Male,58.0,66700.0,274531.0,850.0,Self-Employed,0.0,60.0,Semi-Urban,1
100274,Female,33.0,40760.0,180353.0,740.0,Self-Employed,1.0,24.0,Urban,1
100275,Female,22.0,44352.0,292079.0,700.0,Self-Employed,1.0,60.0,Urban,1
100276,Male,51.0,67938.0,347955.0,850.0,Self-Employed,4.0,36.0,Urban,1
100277,Male,23.0,9692.0,74975.0,562.0,Employed,2.0,24.0,Urban,1
100278,Male,51.0,43233.0,196372.0,714.0,Employed,0.0,36.0,Urban,1
100279,Female,50.0,55839.0,303344.0,786.0,Employed,1.0,24.0,Rural,1
100280,Female,54.0,46811.0,243823.0,729.0,Employed,0.0,48.0,Semi-Urban,1
100281,Male,40.0,22493.0,121597.0,503.0,Self-Employed,1.0,24.0,Semi-Urban,0
100282,Male,56.0,55861.0,346435.0,767.0,Employed,3.0,60.0,Urban,1
100283,Male,27.0,7000.0,38051.0,513.0,Employed,2.0,12.0,Semi-Urban,0
100284,Male,38.0,56095.0,256736.0,750.0,Employed,0.0,24.0,Rural,1
100285,Male,25.0,24521.0,88406.0,616.0,Employed,2.0,24.0,Urban,1
100286,Male,51.0,49138.0,235819.0,721.0,Self-Employed,2.0,48.0,,1
100287,Male,49.0,49416.0,240414.0,764.0,Self-Employed,0.0,36.0,Urban,1
100288,Male,53.0,30527.0,180919.0,668.0,Employed,1.0,60.0,Semi-Urban,1
100289,Male,51.0,37806.0,258691.0,681.0,Employed,0.0,36.0,Urban,1
100290,Male,33.0,43396.0,97197.0,628.0,Employed,2.0,12.0,Semi-Urban,1
100291,Female,23.0,46981.0,145151.0,821.0,Employed,1.0,48.0,Urban,1
100292,Male,58.0,76417.0,509262.0,850.0,Self-Employed,4.0,36.0,Semi-Urban,1
100293,Female,40.0,37795.0,256001.0,667.0,Employed,2.0,48.0,Semi-Urban,0
100294,Male,24.0,16116.0,62464.0,532.0,Employed,2.0,36.0,Semi-Urban,1
100295,Female,58.0,47222.0,142804.0,,Employed,0.0,48.0,Semi-Urban,1
100296,Female,60.0,76617.0,322701.0,850.0,Unemployed,2.0,24.0,Urban,1
100297,Female,38.0,43435.0,184521.0,764.0,Self-Employed,2.0,60.0,Semi-Urban,1
100298,Female,51.0,76388.0,381312.0,850.0,Employed,1.0,24.0,Urban,1
100299,Female,22.0,35822.0,152267.0,655.0,Employed,1.0,48.0,Semi-Urban,1
100300,Female,24.0,7000.0,38239.0,535.0,Employed,1.0,24.0,Urban,0
100301,Female,32.0,,103556.0,,Unemployed,1.0,48.0,Semi-Urban,0
100302,Male,47.0,38571.0,197271.0,665.0,Employed,0.0,60.0,Urban,1
100303,Male,26.0,22542.0,136968.0,605.0,Employed,2.0,60.0,Rural,0
100304,Male,22.0,9376.0,61551.0,464.0,Unemployed,1.0,36.0,Semi-Urban,0
100305,Female,47.0,91555.0,362607.0,850.0,Self-Employed,4.0,36.0,Urban,1
100306,Male,51.0,38073.0,165967.0,684.0,Employed,0.0,48.0,Semi-Urban,1
100307,Male,50.0,52648.0,371463.0,787.0,Employed,3.0,36.0,Urban,1
100308,Female,52.0,59498.0,285506.0,758.0,Employed,2.0,36.0,Urban,1
100309,Male,53.0,53181.0,254043.0,796.0,Employed,2.0,24.0,Urban,1
100310,Male,45.0,45722.0,207091.0,666.0,Employed,1.0,36.0,Semi-Urban,1
100311,Male,41.0,18462.0,112445.0,508.0,Unemployed,1.0,36.0,Rural,0
100312,Male,55.0,47678.0,174148.0,672.0,Unemployed,0.0,48.0,Rural,0
100313,Male,34.0,38437.0,110591.0,616.0,Employed,0.0,24.0,Urban,1
100314,Male,24.0,25231.0,191156.0,658.0,Employed,0.0,36.0,Urban,1
100315,Male,51.0,57842.0,136584.0,730.0,Employed,0.0,48.0,Rural,1
100316,Male,32.0,47051.0,238158.0,685.0,Employed,1.0,36.0,,1
100317,Male,60.0,81144.0,288992.0,850.0,Self-Employed,1.0,60.0,Semi-Urban,1
100318,Female,37.0,36456.0,268120.0,633.0,Employed,0.0,24.0,Rural,0
100319,Male,55.0,41339.0,212150.0,681.0,Employed,1.0,36.0,Urban,1
100320,Female,22.0,11900.0,20000.0,472.0,Employed,3.0,36.0,Urban,0
100321,Female,47.0,43964.0,277320.0,752.0,Employed,2.0,36.0,Rural,1
100322,Male,38.0,39728.0,201617.0,729.0,Employed,2.0,48.0,Semi-Urban,1
100323,Male,39.0,41060.0,182931.0,715.0,Self-Employed,1.0,24.0,Rural,1
100324,Male,31.0,26771.0,89444.0,625.0,Self-Employed,0.0,36.0,Semi-Urban,1
100325,Female,59.0,45542.0,145085.0,719.0,Employed,1.0,24.0,Urban,0
100326,Female,36.0,23686.0,101333.0,549.0,Self-Employed,0.0,36.0,Rural,1
100327,Female,55.0,52581.0,196045.0,709.0,Employed,0.0,48.0,Semi-Urban,1
100328,Male,38.0,28064.0,177618.0,674.0,Self-Employed,2.0,12.0,,0
100329,Female,22.0,7094.0,36976.0,543.0,Employed,2.0,36.0,Semi-Urban,1
100330,Male,56.0,51773.0,305146.0,711.0,Employed,1.0,36.0,Semi-Urban,1
100331,Female,28.0,7000.0,20000.0,478.0,Unemployed,2.0,48.0,Urban,0
100332,Male,31.0,33557.0,165929.0,632.0,Employed,2.0,12.0,Urban,0
100333,Female,55.0,64283.0,173499.0,757.0,Employed,3.0,36.0,Rural,1
100334,Female,56.0,49907.0,246886.0,749.0,Employed,0.0,48.0,Rural,1
100335,Male,57.0,52356.0,125090.0,730.0,Employed,3.0,36.0,Semi-Urban,1
100336,Female,38.0,43149.0,198555.0,649.0,Employed,0.0,48.0,Rural,1
100337,Male,51.0,42432.0,161589.0,616.0,Employed,0.0,36.0,Urban,1
100338,Female,34.0,31907.0,172457.0,538.0,Self-Employed,1.0,60.0,Rural,0
100339,Male,50.0,64258.0,146353.0,798.0,Employed,2.0,12.0,Semi-Urban,1
100340,Female,41.0,50610.0,248081.0,738.0,Employed,1.0,12.0,Semi-Urban,1
100341,Male,23.0,27419.0,174964.0,566.0,Employed,0.0,36.0,Semi-Urban,0
100342,Female,37.0,,84836.0,792.0,Self-Employed,1.0,36.0,Semi-Urban,1
100343,Female,39.0,14073.0,68136.0,536.0,Employed,0.0,36.0,Rural,0
100344,Female,31.0,45246.0,145856.0,745.0,Employed,0.0,24.0,Urban,1
100345,Female,35.0,38105.0,200899.0,663.0,Employed,0.0,24.0,Rural,1
100346,Female,41.0,61129.0,456252.0,743.0,Self-Employed,2.0,48.0,Urban,1
100347,Female,22.0,32746.0,88489.0,635.0,Self-Employed,1.0,24.0,Urban,1
100348,Male,27.0,25187.0,131490.0,532.0,Employed,1.0,48.0,Semi-Urban,0
100349,Female,51.0,56696.0,327718.0,791.0,Self-Employed,1.0,36.0,Semi-Urban,0
100350,Male,35.0,37806.0,197834.0,620.0,Employed,1.0,12.0,Rural,0
100351,Female,45.0,40659.0,199282.0,738.0,Employed,1.0,48.0,Urban,1
100352,Male,43.0,52615.0,354461.0,735.0,Employed,1.0,60.0,,1
100353,Male,43.0,23163.0,125968.0,649.0,Employed,2.0,48.0,Semi-Urban,0
100354,Male,37.0,29101.0,145323.0,562.0,Employed,0.0,12.0,Rural,0
100355,Male,40.0,63438.0,184807.0,777.0,Employed,1.0,36.0,Rural,1
100356,Male,53.0,45687.0,240340.0,736.0,Employed,1.0,60.0,Rural,1
100357,Female,59.0,56936.0,396158.0,842.0,Employed,1.0,36.0,Semi-Urban,1
100358,Female,31.0,18409.0,82348.0,656.0,Employed,0.0,24.0,Rural,1
100359,Male,47.0,59630.0,192623.0,780.0,Self-Employed,1.0,24.0,Urban,1
100360,Female,59.0,59965.0,345941.0,850.0,Self-Employed,0.0,48.0,Rural,1
100361,Female,21.0,15773.0,76050.0,533.0,Employed,3.0,48.0,Semi-Urban,0
100362,Male,52.0,62286.0,310863.0,850.0,Employed,2.0,60.0,Urban,1
100363,Male,40.0,30515.0,81069.0,579.0,Employed,0.0,60.0,Semi-Urban,0
100364,Male,59.0,69263.0,372842.0,850.0,Employed,3.0,36.0,Semi-Urban,1
100365,Female,44.0,53167.0,258095.0,628.0,Employed,3.0,36.0,Urban,1
100366,Male,54.0,66959.0,134041.0,772.0,Employed,0.0,24.0,Urban,1
100367,Female,27.0,35286.0,110408.0,668.0,Self-Employed,2.0,12.0,Semi-Urban,1
100368,Female,26.0,,190190.0,771.0,Self-Employed,4.0,12.0,Rural,0
100369,Male,58.0,71354.0,317101.0,850.0,Employed,2.0,60.0,Semi-Urban,1
100370,Female,42.0,44999.0,289645.0,762.0,Employed,2.0,24.0,Urban,1
100371,Female,43.0,40689.0,216961.0,645.0,Self-Employed,1.0,36.0,Semi-Urban,1
100372,Male,27.0,,150710.0,539.0,Employed,1.0,36.0,Urban,0
100373,Male,30.0,54016.0,292021.0,721.0,Self-Employed,0.0,36.0,Urban,1
100374,Male,53.0,73714.0,268922.0,818.0,Employed,2.0,36.0,Urban,1
100375,Male,33.0,48940.0,257491.0,728.0,Employed,2.0,12.0,Semi-Urban,1
100376,Male,44.0,52722.0,272027.0,760.0,Employed,0.0,36.0,Urban,1
100377,Female,33.0,16132.0,52333.0,534.0,Employed,2.0,36.0,Urban,0
100378,Male,31.0,25846.0,80756.0,672.0,Unemployed,2.0,48.0,Urban,1
100379,Male,27.0,9703.0,24140.0,476.0,Employed,2.0,48.0,Semi-Urban,1
100380,Female,58.0,31850.0,144010.0,690.0,Unemployed,1.0,48.0,Urban,1
100381,Male,58.0,,348493.0,746.0,Employed,0.0,36.0,Urban,1
100382,Female,25.0,37678.0,66494.0,660.0,Self-Employed,0.0,24.0,Semi-Urban,1
100383,Female,35.0,35241.0,198488.0,698.0,Unemployed,3.0,36.0,Semi-Urban,0
100384,Male,43.0,48166.0,190641.0,791.0,Employed,2.0,60.0,Rural,1
100385,Male,36.0,40879.0,270998.0,666.0,Employed,0.0,24.0,Semi-Urban,1
100386,Female,49.0,45984.0,153753.0,733.0,Self-Employed,1.0,24.0,Semi-Urban,1
100387,Female,31.0,27740.0,98280.0,639.0,Employed,2.0,60.0,Rural,1
100388,Female,23.0,7000.0,20000.0,446.0,Unemployed,3.0,60.0,Semi-Urban,0
100389,Male,34.0,8260.0,20000.0,541.0,Employed,2.0,24.0,Semi-Urban,1
100390,Female,44.0,52188.0,156776.0,850.0,Employed,1.0,48.0,Urban,1
100391,Female,28.0,16663.0,50665.0,580.0,Employed,1.0,36.0,Urban,0
100392,Male,53.0,72670.0,362083.0,850.0,Self-Employed,1.0,36.0,Urban,1
100393,Female,21.0,22300.0,122270.0,598.0,Unemployed,1.0,36.0,Urban,0
100394,Female,23.0,12768.0,49446.0,452.0,Employed,0.0,60.0,Rural,0
100395,Male,41.0,56084.0,291364.0,784.0,Self-Employed,1.0,24.0,Urban,1
100396,Male,41.0,23066.0,194475.0,509.0,Unemployed,0.0,48.0,Semi-Urban,0
100397,Female,32.0,7949.0,53143.0,473.0,Employed,2.0,12.0,Rural,0
100398,Male,31.0,30480.0,183273.0,750.0,Employed,2.0,36.0,Semi-Urban,1
100399,Male,23.0,23550.0,118115.0,564.0,Self-Employed,0.0,48.0,Urban,1
100400,Male,47.0,50319.0,245196.0,686.0,Self-Employed,2.0,48.0,Rural,1
100401,Male,36.0,58204.0,111987.0,848.0,Employed,0.0,60.0,Urban,1
100402,Female,25.0,13090.0,71412.0,467.0,Self-Employed,0.0,48.0,Urban,0
100403,Female,36.0,39094.0,184103.0,654.0,Employed,0.0,48.0,Urban,1
100404,Male,58.0,37762.0,218359.0,715.0,Unemployed,4.0,24.0,Urban,0
100405,Female,31.0,48899.0,122031.0,721.0,Self-Employed,1.0,60.0,Rural,1
100406,Female,56.0,69081.0,460515.0,745.0,Self-Employed,1.0,36.0,Urban,0
100407,Male,31.0,33552.0,99528.0,678.0,Employed,1.0,36.0,Rural,1
100408,Female,28.0,14361.0,52137.0,520.0,Employed,0.0,36.0,Urban,0
100409,Male,31.0,19813.0,141367.0,656.0,Employed,1.0,36.0,Rural,0
100410,Female,33.0,42327.0,279806.0,663.0,Employed,1.0,36.0,Urban,1
100411,Female,25.0,52650.0,252989.0,797.0,Self-Employed,1.0,36.0,Rural,1
100412,Female,44.0,49064.0,157925.0,832.0,Employed,2.0,24.0,Urban,1
100413,Male,34.0,21531.0,78915.0,534.0,Employed,0.0,60.0,Rural,0
100414,Female,49.0,52867.0,203933.0,745.0,Employed,1.0,60.0,Rural,1
100415,Male,40.0,68030.0,426501.0,850.0,Employed,2.0,36.0,Semi-Urban,1
100416,Male,38.0,37929.0,148105.0,625.0,Employed,1.0,60.0,Urban,1
100417,Male,39.0,64342.0,375604.0,819.0,,1.0,36.0,Semi-Urban,1
100418,Female,27.0,24716.0,95331.0,572.0,Self-Employed,0.0,36.0,Semi-Urban,1
100419,Male,49.0,48295.0,279049.0,716.0,Employed,1.0,60.0,Semi-Urban,1
100420,Female,25.0,38835.0,176492.0,665.0,Self-Employed,2.0,36.0,Semi-Urban,1
100421,Female,49.0,62568.0,280467.0,798.0,Self-Employed,1.0,48.0,Rural,1
100422,Male,60.0,51703.0,227953.0,758.0,Employed,0.0,36.0,Rural,1
100423,Male,51.0,50286.0,343194.0,693.0,Self-Employed,2.0,36.0,Semi-Urban,0
100424,Male,39.0,49659.0,314463.0,707.0,Employed,0.0,12.0,Urban,1
100425,Female,33.0,45499.0,262090.0,708.0,Employed,1.0,60.0,Urban,1
100426,Female,55.0,73546.0,186122.0,850.0,Employed,4.0,24.0,Semi-Urban,1
100427,Male,31.0,50647.0,363829.0,719.0,Employed,1.0,36.0,Rural,0
100428,Female,40.0,49515.0,285273.0,740.0,Self-Employed,4.0,24.0,Urban,1
100429,Male,51.0,38266.0,205372.0,549.0,Unemployed,1.0,36.0,Urban,1
100430,Female,57.0,82812.0,360588.0,850.0,Self-Employed,3.0,36.0,Urban,1
100431,Female,57.0,66157.0,167717.0,814.0,Employed,1.0,48.0,Urban,1
100432,Female,24.0,9511.0,23442.0,467.0,Employed,1.0,36.0,Rural,0
100433,Female,56.0,35096.0,122442.0,721.0,Unemployed,2.0,24.0,Semi-Urban,0
100434,Female,25.0,28303.0,86330.0,620.0,Employed,0.0,12.0,Urban,1
100435,Male,44.0,41173.0,163048.0,700.0,Employed,1.0,24.0,Urban,1
100436,Male,58.0,58383.0,264455.0,759.0,Employed,1.0,48.0,Urban,1
100437,Male,47.0,59470.0,204633.0,791.0,Employed,0.0,48.0,Semi-Urban,1
100438,Male,58.0,67808.0,369405.0,772.0,Employed,1.0,36.0,Semi-Urban,1
100439,Female,34.0,48258.0,278161.0,720.0,Employed,4.0,36.0,Urban,1
100440,Female,33.0,8022.0,73223.0,455.0,Employed,2.0,24.0,Urban,0
100441,Female,34.0,35341.0,83914.0,643.0,Employed,1.0,60.0,Rural,1
100442,Male,35.0,41736.0,284548.0,553.0,Employed,0.0,60.0,Rural,1
100443,Female,48.0,29381.0,114663.0,563.0,Employed,2.0,48.0,Semi-Urban,0
100444,Male,39.0,29941.0,139199.0,709.0,Employed,1.0,12.0,Semi-Urban,1
100445,Male,50.0,48814.0,218687.0,764.0,Self-Employed,2.0,36.0,Rural,1
100446,Female,37.0,35860.0,170316.0,733.0,Employed,2.0,60.0,Semi-Urban,1
100447,Female,33.0,59734.0,273730.0,850.0,Self-Employed,0.0,24.0,Rural,1
100448,Female,28.0,58971.0,116183.0,811.0,Self-Employed,0.0,48.0,Urban,1
100449,Male,43.0,32429.0,214973.0,617.0,Employed,4.0,60.0,Urban,1
100450,Female,56.0,71819.0,179766.0,789.0,Self-Employed,1.0,48.0,Urban,1
100451,Male,55.0,71106.0,474161.0,850.0,Self-Employed,3.0,36.0,Rural,1
100452,Female,31.0,33652.0,140501.0,652.0,Employed,0.0,36.0,Semi-Urban,1
100453,Female,40.0,43688.0,122005.0,842.0,Employed,3.0,60.0,Urban,1
100454,Male,49.0,52445.0,233452.0,733.0,Employed,1.0,36.0,Rural,1
100455,Male,45.0,55651.0,159618.0,850.0,Unemployed,0.0,60.0,Rural,1
100456,Male,23.0,42430.0,308462.0,674.0,Self-Employed,5.0,36.0,Urban,0
100457,,44.0,21578.0,136138.0,630.0,Unemployed,2.0,48.0,Semi-Urban,0
100458,Male,22.0,19649.0,86213.0,639.0,Unemployed,1.0,60.0,Semi-Urban,0
100459,Female,25.0,33108.0,114498.0,589.0,Employed,0.0,36.0,Urban,1
100460,Female,47.0,59380.0,411597.0,750.0,Self-Employed,1.0,36.0,Semi-Urban,1
100461,Male,25.0,35977.0,222396.0,605.0,Employed,0.0,12.0,Urban,1
100462,Male,34.0,43557.0,158673.0,621.0,Self-Employed,2.0,48.0,Rural,1
100463,Female,44.0,45706.0,143255.0,752.0,Employed,1.0,36.0,Rural,0
100464,Male,47.0,48055.0,158405.0,718.0,Employed,0.0,24.0,Rural,1
100465,,38.0,21481.0,118061.0,569.0,Self-Employed,0.0,60.0,Semi-Urban,1
100466,Female,24.0,29335.0,132491.0,640.0,Self-Employed,0.0,60.0,Urban,1
100467,Female,52.0,44081.0,291177.0,604.0,Employed,0.0,60.0,Urban,1
100468,Female,58.0,44463.0,239212.0,779.0,Employed,0.0,36.0,Semi-Urban,0
100469,Male,56.0,,368998.0,850.0,Employed,2.0,60.0,Urban,1
100470,Male,50.0,46950.0,219970.0,727.0,Unemployed,1.0,60.0,Semi-Urban,1
100471,Male,37.0,35242.0,211668.0,692.0,Employed,2.0,24.0,Urban,1
100472,Male,56.0,49722.0,202853.0,813.0,Employed,2.0,60.0,Urban,1
100473,Male,40.0,42454.0,233410.0,692.0,Employed,0.0,36.0,Semi-Urban,0
100474,Male,26.0,35397.0,102976.0,542.0,Employed,2.0,60.0,Semi-Urban,0
100475,Male,55.0,45476.0,214668.0,717.0,Employed,0.0,48.0,Semi-Urban,1
100476,Male,33.0,31142.0,197616.0,646.0,Employed,0.0,36.0,Semi-Urban,1
100477,Male,58.0,78117.0,462430.0,824.0,Self-Employed,2.0,36.0,Urban,1
100478,Female,35.0,7000.0,20000.0,484.0,Unemployed,0.0,12.0,Semi-Urban,0
100479,Female,55.0,45709.0,254663.0,671.0,Unemployed,2.0,24.0,Semi-Urban,0
100480,Male,42.0,,87222.0,588.0,Employed,0.0,48.0,Semi-Urban,1
100481,Male,39.0,36194.0,56184.0,700.0,Employed,1.0,60.0,Urban,1
100482,Male,32.0,33080.0,181421.0,599.0,Self-Employed,2.0,12.0,Semi-Urban,0
100483,Female,54.0,64951.0,364295.0,785.0,Self-Employed,1.0,24.0,Urban,1
100484,Male,23.0,43284.0,106697.0,677.0,Employed,1.0,48.0,Semi-Urban,1
100485,Male,39.0,42913.0,284990.0,753.0,Self-Employed,1.0,24.0,Urban,1
100486,Male,35.0,45901.0,214519.0,699.0,Self-Employed,1.0,24.0,Rural,1
100487,Male,42.0,74037.0,472105.0,850.0,Self-Employed,2.0,12.0,Rural,1
100488,Male,31.0,31400.0,176401.0,597.0,Self-Employed,1.0,36.0,Semi-Urban,0
100489,Male,47.0,68376.0,491502.0,850.0,Employed,4.0,36.0,Rural,1
100490,Male,36.0,34564.0,172575.0,728.0,Employed,1.0,60.0,Semi-Urban,1
100491,Female,28.0,47083.0,355571.0,759.0,Employed,1.0,36.0,Urban,1
100492,Female,28.0,34702.0,219922.0,692.0,Employed,0.0,24.0,Semi-Urban,1
100493,Female,48.0,60385.0,208531.0,815.0,Self-Employed,1.0,48.0,Rural,1
100494,Male,31.0,28212.0,103114.0,542.0,Employed,1.0,60.0,Urban,0
100495,Female,33.0,23712.0,172239.0,545.0,Employed,3.0,36.0,Urban,0
100496,Male,46.0,55409.0,146262.0,743.0,Self-Employed,0.0,60.0,Semi-Urban,1
100497,Male,34.0,52068.0,328567.0,696.0,Self-Employed,0.0,48.0,Urban,0
100498,Female,36.0,43343.0,121466.0,629.0,Self-Employed,0.0,60.0,Semi-Urban,1
100499,Male,30.0,24101.0,139506.0,493.0,Employed,1.0,36.0,Semi-Urban,1
100500,Male,34.0,,145528.0,585.0,Self-Employed,0.0,24.0,Semi-Urban,1
100501,Female,48.0,59610.0,397517.0,779.0,Employed,0.0,24.0,Urban,1
100502,Female,42.0,55802.0,359642.0,768.0,Employed,1.0,48.0,Urban,1
100503,Female,60.0,52894.0,216692.0,712.0,Employed,1.0,60.0,Rural,1
100504,Male,51.0,51977.0,248897.0,740.0,Self-Employed,0.0,36.0,Urban,0
100505,Male,21.0,31552.0,99641.0,598.0,Self-Employed,1.0,12.0,Semi-Urban,1
100506,Female,36.0,52830.0,288289.0,815.0,Employed,3.0,12.0,Urban,1
100507,Male,32.0,43852.0,237969.0,696.0,Employed,2.0,36.0,Urban,0
100508,Female,44.0,37278.0,126855.0,692.0,Self-Employed,2.0,60.0,Semi-Urban,1
100509,,31.0,34831.0,100291.0,651.0,Self-Employed,0.0,36.0,Urban,1
100510,Male,59.0,48633.0,213130.0,655.0,Employed,0.0,48.0,Semi-Urban,1
100511,Male,32.0,17890.0,63715.0,531.0,Unemployed,1.0,36.0,Semi-Urban,0
100512,Female,41.0,68253.0,412601.0,758.0,Self-Employed,1.0,60.0,Rural,1
100513,Male,25.0,7000.0,20000.0,470.0,Unemployed,2.0,48.0,Rural,0
100514,Male,57.0,29174.0,215783.0,558.0,,1.0,24.0,Urban,0
100515,Male,57.0,38657.0,251071.0,672.0,Unemployed,0.0,48.0,Urban,0
100516,Male,52.0,64548.0,443275.0,731.0,Self-Employed,3.0,48.0,Rural,1
100517,Male,35.0,40849.0,235065.0,689.0,Employed,3.0,60.0,Urban,1
100518,Female,23.0,25449.0,63892.0,635.0,Employed,0.0,36.0,Urban,1
100519,Male,49.0,62908.0,362370.0,850.0,Employed,0.0,24.0,Urban,1
100520,Female,38.0,24543.0,121540.0,541.0,Self-Employed,1.0,36.0,Semi-Urban,0
100521,Female,60.0,75160.0,480866.0,850.0,Employed,2.0,48.0,Urban,1
100522,Male,48.0,52955.0,194062.0,751.0,Self-Employed,0.0,24.0,Urban,1
100523,Male,42.0,49878.0,146948.0,824.0,Employed,1.0,60.0,Semi-Urban,1
100524,Female,60.0,45019.0,288630.0,630.0,Employed,1.0,24.0,Semi-Urban,1
100525,Male,53.0,,362873.0,707.0,Employed,1.0,60.0,Urban,1
100526,Male,39.0,40635.0,115435.0,842.0,Employed,0.0,36.0,Semi-Urban,1
100527,Female,21.0,31869.0,232214.0,624.0,Employed,0.0,12.0,Semi-Urban,1
100528,Female,24.0,7000.0,20000.0,397.0,Employed,0.0,36.0,Urban,0
100529,Female,38.0,46069.0,217027.0,671.0,Self-Employed,1.0,36.0,Urban,1
100530,Male,43.0,29177.0,88532.0,471.0,Employed,1.0,60.0,Urban,0
100531,Female,22.0,25166.0,81123.0,615.0,Employed,1.0,36.0,Urban,1
100532,Female,26.0,32827.0,139243.0,689.0,Employed,4.0,12.0,Rural,1
100533,Male,49.0,64246.0,228644.0,768.0,Employed,1.0,60.0,Urban,1
100534,Female,51.0,44580.0,216226.0,683.0,Employed,2.0,36.0,Rural,0
100535,Male,22.0,39227.0,94234.0,715.0,Self-Employed,3.0,24.0,Urban,1
100536,Male,41.0,65331.0,299398.0,713.0,Self-Employed,0.0,60.0,Urban,1
100537,Male,24.0,7000.0,20000.0,428.0,Employed,0.0,24.0,Semi-Urban,0
100538,Male,49.0,56148.0,278500.0,761.0,Employed,1.0,12.0,Rural,1
100539,Male,54.0,65802.0,360361.0,786.0,Employed,0.0,36.0,,1
100540,Female,55.0,52295.0,173578.0,736.0,Employed,1.0,36.0,Urban,1
100541,Female,44.0,37771.0,84277.0,587.0,Self-Employed,3.0,36.0,Semi-Urban,0
100542,Male,46.0,56815.0,368113.0,789.0,Employed,0.0,60.0,Urban,1
100543,Female,58.0,53306.0,360949.0,735.0,Self-Employed,0.0,24.0,Semi-Urban,1
100544,Female,45.0,42260.0,328103.0,727.0,Employed,2.0,60.0,Rural,0
100545,Male,38.0,36219.0,216478.0,674.0,Employed,3.0,12.0,Urban,1
100546,Male,51.0,59586.0,345555.0,804.0,Employed,1.0,24.0,Rural,1
100547,,44.0,35780.0,278603.0,581.0,Employed,0.0,24.0,Urban,1
100548,Male,54.0,37085.0,148086.0,670.0,Unemployed,3.0,12.0,Rural,1
100549,Female,41.0,41187.0,202802.0,,Employed,1.0,36.0,Rural,0
100550,Male,55.0,76477.0,483672.0,850.0,Self-Employed,2.0,60.0,Semi-Urban,1
100551,Male,22.0,55549.0,320714.0,813.0,Self-Employed,0.0,48.0,Rural,1
100552,Male,22.0,7000.0,78905.0,461.0,Employed,2.0,48.0,Rural,0
100553,Male,24.0,25084.0,97974.0,675.0,Employed,2.0,12.0,Urban,1
100554,Female,43.0,29162.0,85404.0,703.0,Employed,2.0,60.0,Urban,1
100555,Male,49.0,61026.0,216919.0,842.0,Employed,2.0,36.0,Urban,1
100556,Male,29.0,24537.0,116678.0,529.0,Self-Employed,0.0,48.0,Semi-Urban,0
100557,Male,27.0,16504.0,112760.0,433.0,Employed,1.0,48.0,Semi-Urban,0
100558,Male,55.0,39329.0,125494.0,714.0,Unemployed,0.0,24.0,Semi-Urban,1
100559,Female,51.0,59086.0,380877.0,781.0,Self-Employed,1.0,36.0,Semi-Urban,1
100560,Male,46.0,49378.0,208130.0,695.0,Employed,3.0,60.0,Urban,1
100561,Male,40.0,53704.0,277929.0,810.0,Self-Employed,2.0,24.0,Urban,1
100562,Male,37.0,35531.0,130807.0,612.0,Employed,2.0,48.0,Urban,1
100563,Female,21.0,7000.0,20000.0,452.0,Unemployed,1.0,60.0,Rural,0
100564,Female,28.0,34433.0,172673.0,682.0,Employed,0.0,36.0,Urban,1
100565,Female,56.0,46864.0,230815.0,636.0,Unemployed,0.0,36.0,Urban,1
100566,Female,34.0,55241.0,341275.0,748.0,Self-Employed,0.0,36.0,Urban,1
100567,Female,49.0,49307.0,185396.0,780.0,Self-Employed,2.0,48.0,Rural,1
100568,Male,49.0,29573.0,185059.0,638.0,Employed,2.0,36.0,Urban,1
100569,Male,33.0,39792.0,130476.0,736.0,Self-Employed,0.0,36.0,Semi-Urban,1
100570,Male,29.0,42351.0,178479.0,759.0,Employed,3.0,24.0,Urban,1
100571,Male,48.0,58631.0,258963.0,773.0,Self-Employed,3.0,60.0,Urban,1
100572,Female,24.0,18904.0,110235.0,438.0,Employed,3.0,60.0,Semi-Urban,0
100573,Male,40.0,28456.0,181205.0,559.0,Employed,1.0,36.0,Semi-Urban,0
100574,Female,56.0,77593.0,295980.0,850.0,Employed,2.0,60.0,Semi-Urban,1
100575,Female,49.0,36445.0,209037.0,579.0,Employed,1.0,48.0,Urban,0
100576,Male,51.0,42295.0,165788.0,679.0,Employed,2.0,60.0,Rural,0
100577,Female,24.0,37140.0,217791.0,672.0,Self-Employed,2.0,24.0,Semi-Urban,0
100578,Female,28.0,7000.0,49797.0,581.0,Employed,3.0,24.0,Rural,0
100579,Female,32.0,54395.0,325101.0,717.0,Self-Employed,1.0,60.0,Urban,1
100580,Male,32.0,37590.0,251654.0,635.0,Employed,0.0,36.0,Urban,1
100581,Male,28.0,45491.0,323783.0,697.0,Self-Employed,2.0,36.0,Urban,1
100582,Male,59.0,75497.0,264600.0,850.0,Self-Employed,2.0,48.0,Semi-Urban,1
100583,Male,27.0,22667.0,175367.0,579.0,Employed,0.0,36.0,Semi-Urban,1
100584,Male,49.0,45042.0,300199.0,755.0,Self-Employed,0.0,36.0,Semi-Urban,1
100585,Female,44.0,32619.0,116038.0,574.0,Unemployed,0.0,36.0,Urban,0
100586,Female,45.0,41697.0,63032.0,685.0,Self-Employed,3.0,36.0,Urban,1
100587,Male,29.0,32634.0,146463.0,667.0,Employed,1.0,24.0,Urban,0
100588,Male,33.0,40881.0,227467.0,667.0,Employed,2.0,24.0,Rural,1
100589,Male,45.0,71122.0,499030.0,850.0,Self-Employed,3.0,36.0,Urban,1
100590,Male,32.0,34561.0,223239.0,662.0,Employed,2.0,48.0,Urban,0
100591,Female,48.0,,293021.0,850.0,Self-Employed,0.0,36.0,Urban,1
100592,Male,22.0,15534.0,22591.0,559.0,Employed,3.0,36.0,Urban,0
100593,Male,23.0,23461.0,87869.0,598.0,Self-Employed,1.0,48.0,Rural,0
100594,Female,50.0,55584.0,225232.0,736.0,Employed,0.0,24.0,Urban,0
100595,Male,45.0,39762.0,96664.0,648.0,Employed,2.0,36.0,Rural,0
100596,Male,22.0,13330.0,20000.0,578.0,Unemployed,1.0,24.0,Semi-Urban,0
100597,Female,56.0,52766.0,194371.0,775.0,Self-Employed,1.0,48.0,Semi-Urban,1
100598,Female,21.0,16420.0,29953.0,482.0,Self-Employed,0.0,24.0,Semi-Urban,0
100599,Female,59.0,58425.0,312209.0,771.0,Unemployed,0.0,36.0,Semi-Urban,1
100600,Female,50.0,60540.0,230568.0,667.0,Employed,3.0,36.0,Semi-Urban,1
100601,Male,60.0,49072.0,236673.0,703.0,Employed,1.0,48.0,Urban,1
100602,Female,58.0,66747.0,279026.0,850.0,Employed,0.0,48.0,Rural,1
100603,Female,33.0,24807.0,197951.0,593.0,Employed,1.0,60.0,Urban,0
100604,Female,51.0,51198.0,273258.0,753.0,Employed,2.0,48.0,Urban,1
100605,Female,29.0,34803.0,188583.0,464.0,Unemployed,0.0,36.0,Urban,1
100606,Female,39.0,47490.0,254703.0,704.0,Employed,1.0,24.0,Semi-Urban,1
100607,Female,30.0,37450.0,259385.0,688.0,Employed,0.0,12.0,Urban,1
100608,Male,40.0,61805.0,340030.0,831.0,Employed,1.0,24.0,Urban,1
100609,Female,55.0,46953.0,192743.0,775.0,Employed,1.0,24.0,Urban,1
100610,Male,38.0,24870.0,112700.0,588.0,Employed,0.0,36.0,Urban,1
100611,Male,24.0,21635.0,95433.0,558.0,Self-Employed,2.0,48.0,Urban,0
100612,Female,33.0,28146.0,116316.0,545.0,Employed,0.0,48.0,Rural,0
100613,Female,52.0,23845.0,90941.0,583.0,Employed,1.0,36.0,Urban,1
100614,Female,41.0,46511.0,175593.0,636.0,Self-Employed,1.0,36.0,Rural,1
100615,Male,43.0,35665.0,113318.0,558.0,Employed,1.0,24.0,Semi-Urban,1
100616,Female,38.0,55105.0,261337.0,693.0,Self-Employed,3.0,36.0,Semi-Urban,1
100617,Female,32.0,34329.0,169626.0,735.0,Employed,2.0,36.0,Rural,1
100618,Male,44.0,36092.0,74917.0,647.0,Employed,1.0,36.0,Urban,1
100619,Male,46.0,52580.0,211359.0,766.0,Employed,1.0,24.0,Semi-Urban,1
100620,Male,56.0,56179.0,218822.0,721.0,Unemployed,0.0,60.0,Urban,1
100621,Female,45.0,44177.0,239060.0,594.0,Self-Employed,0.0,36.0,Urban,1
100622,Male,60.0,54984.0,231340.0,819.0,Employed,3.0,36.0,Urban,1
100623,Female,54.0,27596.0,20000.0,496.0,Employed,1.0,12.0,Semi-Urban,1
100624,Male,24.0,17212.0,24799.0,512.0,Self-Employed,1.0,24.0,Rural,0
100625,Female,36.0,34590.0,185947.0,636.0,Self-Employed,1.0,36.0,Urban,0
100626,Male,36.0,35390.0,149886.0,671.0,Employed,2.0,60.0,Semi-Urban,1
100627,Female,21.0,15655.0,127176.0,494.0,Self-Employed,1.0,24.0,Urban,0
100628,,28.0,28539.0,140273.0,504.0,Self-Employed,2.0,36.0,Urban,0
100629,Male,51.0,45296.0,313444.0,654.0,Self-Employed,1.0,60.0,Urban,1
100630,Female,35.0,35453.0,207553.0,617.0,Employed,0.0,36.0,Semi-Urban,0
100631,Female,26.0,28609.0,93535.0,578.0,Employed,3.0,36.0,Semi-Urban,1
100632,Female,32.0,25928.0,109041.0,634.0,Unemployed,0.0,36.0,Urban,0
100633,Male,31.0,29148.0,197088.0,557.0,Employed,1.0,36.0,Urban,1
100634,Male,27.0,7000.0,34614.0,517.0,Employed,0.0,60.0,Semi-Urban,0
100635,Male,25.0,14961.0,112170.0,553.0,Employed,2.0,12.0,Rural,0
100636,Male,51.0,46112.0,191233.0,771.0,Employed,2.0,48.0,Urban,1
100637,Female,53.0,57360.0,133004.0,758.0,Self-Employed,1.0,24.0,Semi-Urban,1
100638,Female,40.0,39800.0,114623.0,726.0,Employed,0.0,48.0,Semi-Urban,1
100639,Female,45.0,70506.0,430787.0,829.0,Self-Employed,3.0,48.0,Semi-Urban,0
100640,Female,57.0,67345.0,427249.0,850.0,Employed,2.0,48.0,Urban,1
100641,Female,54.0,42450.0,257484.0,615.0,Employed,2.0,60.0,Rural,0
100642,Female,22.0,27241.0,91563.0,468.0,Employed,3.0,48.0,Semi-Urban,0
100643,Male,59.0,76484.0,449606.0,850.0,Self-Employed,1.0,24.0,Urban,1
100644,Male,23.0,10527.0,46644.0,544.0,Employed,0.0,12.0,Rural,1
100645,Female,22.0,29286.0,119581.0,651.0,Employed,3.0,36.0,Rural,1
100646,Female,37.0,42675.0,227685.0,655.0,Self-Employed,0.0,36.0,Semi-Urban,0
100647,Male,50.0,32981.0,202861.0,727.0,Employed,0.0,36.0,Rural,1
100648,Male,24.0,26762.0,134220.0,585.0,Employed,3.0,48.0,Urban,1
100649,Female,32.0,32704.0,143942.0,667.0,Employed,2.0,48.0,Semi-Urban,0
100650,Male,31.0,35268.0,98516.0,675.0,Self-Employed,0.0,60.0,Urban,1
100651,Male,36.0,34051.0,132091.0,745.0,Employed,4.0,36.0,Rural,1
100652,Female,60.0,52271.0,102694.0,735.0,Employed,0.0,48.0,Urban,1
100653,Female,34.0,39622.0,236072.0,646.0,Employed,2.0,48.0,Urban,0
100654,Male,29.0,26279.0,41563.0,525.0,Employed,2.0,60.0,Urban,1
100655,Female,25.0,24397.0,124990.0,683.0,Employed,2.0,48.0,Semi-Urban,1
100656,Male,28.0,29986.0,117330.0,651.0,Employed,1.0,24.0,Semi-Urban,1
100657,Female,26.0,9645.0,52428.0,540.0,Employed,0.0,12.0,Semi-Urban,0
100658,Male,43.0,31469.0,145908.0,808.0,Employed,1.0,60.0,Urban,1
100659,Female,37.0,18081.0,102624.0,565.0,Self-Employed,4.0,48.0,Urban,0
100660,Male,40.0,45677.0,265140.0,644.0,Employed,0.0,48.0,Semi-Urban,0
100661,Male,54.0,39753.0,220872.0,672.0,Employed,1.0,48.0,Urban,1
100662,Female,44.0,35891.0,254099.0,582.0,Unemployed,2.0,48.0,Semi-Urban,0
100663,Male,27.0,38052.0,127123.0,636.0,Self-Employed,1.0,48.0,Rural,1
100664,Male,36.0,50728.0,270450.0,706.0,Self-Employed,1.0,60.0,Semi-Urban,0
100665,Male,33.0,16752.0,92629.0,522.0,Employed,1.0,60.0,Urban,0
100666,Female,54.0,53518.0,147938.0,682.0,Employed,2.0,36.0,Semi-Urban,1
100667,Female,33.0,51243.0,362283.0,834.0,Employed,0.0,12.0,Rural,1
100668,Female,26.0,44072.0,267921.0,723.0,Employed,2.0,12.0,Semi-Urban,1
100669,Male,50.0,61748.0,396123.0,792.0,Employed,2.0,36.0,Rural,1
100670,Male,38.0,40750.0,175601.0,730.0,Employed,1.0,48.0,Urban,1
100671,Male,24.0,9239.0,80003.0,539.0,Employed,0.0,48.0,Semi-Urban,0
100672,Male,48.0,56323.0,279695.0,790.0,Employed,1.0,36.0,Urban,1
100673,Female,29.0,24904.0,137408.0,638.0,Employed,2.0,36.0,Semi-Urban,0
100674,Female,55.0,62126.0,458112.0,814.0,Employed,1.0,36.0,Rural,1
100675,Female,54.0,55706.0,181540.0,793.0,Self-Employed,3.0,48.0,Rural,1
100676,Male,35.0,40325.0,296302.0,712.0,Self-Employed,0.0,36.0,Urban,1
100677,Female,43.0,44170.0,218796.0,716.0,Employed,0.0,24.0,Rural,1
100678,Male,43.0,45155.0,107730.0,700.0,Employed,2.0,36.0,Urban,1
100679,Male,47.0,52525.0,275799.0,838.0,Employed,1.0,36.0,Semi-Urban,1
100680,Male,23.0,13250.0,75186.0,509.0,Employed,3.0,36.0,Semi-Urban,0
100681,Male,33.0,24081.0,110382.0,602.0,Self-Employed,1.0,48.0,Semi-Urban,1
100682,Male,27.0,44097.0,231407.0,729.0,Employed,2.0,60.0,Urban,1
100683,Male,48.0,77571.0,306718.0,850.0,Employed,3.0,24.0,Semi-Urban,1
100684,Male,23.0,25569.0,133315.0,559.0,Employed,1.0,24.0,Semi-Urban,0
100685,Female,41.0,24112.0,63250.0,576.0,Employed,5.0,36.0,Semi-Urban,1
100686,Male,50.0,40622.0,235773.0,660.0,Employed,0.0,24.0,Semi-Urban,1
100687,Male,58.0,64809.0,199180.0,742.0,Employed,3.0,36.0,Semi-Urban,1
100688,Female,32.0,37193.0,135812.0,607.0,Unemployed,0.0,12.0,Urban,0
100689,Female,21.0,7000.0,20000.0,515.0,Employed,0.0,12.0,Urban,0
100690,Male,49.0,47308.0,85384.0,794.0,Employed,1.0,48.0,Semi-Urban,1
100691,Male,21.0,20351.0,77468.0,605.0,Employed,1.0,24.0,Semi-Urban,1
100692,Female,23.0,30575.0,164587.0,489.0,Employed,1.0,48.0,Urban,0
100693,Male,60.0,56777.0,334395.0,812.0,Employed,3.0,36.0,Urban,1
100694,Male,55.0,36634.0,264076.0,634.0,Employed,2.0,36.0,Rural,0
100695,Female,49.0,65254.0,384658.0,834.0,Self-Employed,1.0,24.0,Rural,1
100696,Male,54.0,67798.0,482311.0,838.0,Employed,0.0,12.0,Semi-Urban,1
100697,Female,24.0,20309.0,118942.0,564.0,Employed,2.0,36.0,Semi-Urban,0
100698,Female,24.0,26163.0,108521.0,601.0,Employed,0.0,48.0,Rural,1
100699,Female,33.0,25506.0,170098.0,602.0,Employed,3.0,60.0,Semi-Urban,0
100700,Male,21.0,7851.0,68126.0,579.0,Employed,3.0,12.0,Urban,0
100701,Male,56.0,77817.0,184444.0,850.0,Self-Employed,5.0,12.0,Semi-Urban,1
100702,Male,23.0,24850.0,75534.0,659.0,Employed,1.0,24.0,Rural,1
100703,Male,42.0,46984.0,237043.0,774.0,Employed,1.0,48.0,Semi-Urban,1
100704,Female,55.0,82425.0,438847.0,850.0,Self-Employed,1.0,24.0,Urban,1
100705,Male,50.0,37242.0,148502.0,570.0,Employed,2.0,24.0,Rural,0
100706,Male,30.0,21276.0,108599.0,641.0,Employed,0.0,60.0,Semi-Urban,1
100707,Female,39.0,39695.0,256897.0,657.0,Employed,1.0,60.0,Urban,1
100708,Female,42.0,43328.0,149566.0,727.0,Self-Employed,2.0,48.0,Rural,1
100709,Male,51.0,60398.0,332661.0,744.0,Employed,1.0,24.0,Semi-Urban,1
100710,Male,38.0,43451.0,184890.0,623.0,Self-Employed,3.0,36.0,Rural,0
100711,Female,32.0,27190.0,60897.0,706.0,Self-Employed,1.0,24.0,Rural,1
100712,Female,52.0,61889.0,288466.0,738.0,Self-Employed,0.0,48.0,Urban,1
100713,Female,56.0,49544.0,215013.0,775.0,Unemployed,0.0,48.0,Semi-Urban,1
100714,Female,40.0,59116.0,344734.0,782.0,Self-Employed,0.0,24.0,Urban,1
100715,Female,22.0,32818.0,94861.0,606.0,Self-Employed,0.0,60.0,Rural,1
100716,Male,41.0,54534.0,138403.0,747.0,Self-Employed,1.0,36.0,Rural,1
100717,Male,56.0,69344.0,346176.0,760.0,Self-Employed,3.0,48.0,Rural,0
100718,Male,60.0,67641.0,392949.0,822.0,Self-Employed,1.0,12.0,Semi-Urban,1
100719,Female,37.0,18005.0,112980.0,477.0,Unemployed,1.0,36.0,Semi-Urban,0
100720,Female,27.0,28066.0,99393.0,596.0,Employed,4.0,12.0,Urban,0
100721,Male,43.0,47203.0,267634.0,760.0,Self-Employed,4.0,48.0,Urban,1
100722,Male,54.0,74578.0,184829.0,850.0,Employed,2.0,12.0,Urban,1
100723,Male,58.0,83806.0,280672.0,831.0,Self-Employed,1.0,36.0,Rural,1
100724,Female,23.0,27794.0,108423.0,663.0,Employed,1.0,48.0,Semi-Urban,1
100725,Male,32.0,43642.0,258806.0,689.0,Self-Employed,1.0,48.0,Semi-Urban,1
100726,Male,40.0,46844.0,335660.0,677.0,Self-Employed,3.0,36.0,Urban,1
100727,,24.0,7000.0,20000.0,517.0,Unemployed,0.0,48.0,Semi-Urban,0
100728,Male,56.0,53906.0,309170.0,752.0,Employed,1.0,48.0,Semi-Urban,1
100729,Male,25.0,32617.0,160342.0,564.0,Self-Employed,3.0,36.0,Rural,1
100730,Male,47.0,58353.0,346035.0,850.0,Self-Employed,2.0,36.0,Rural,1
100731,Male,57.0,54234.0,355027.0,737.0,Unemployed,1.0,12.0,Semi-Urban,0
100732,Male,48.0,49756.0,292982.0,709.0,Unemployed,1.0,36.0,Rural,0
100733,Male,51.0,42694.0,80646.0,677.0,Employed,2.0,12.0,Urban,1
100734,Male,31.0,20803.0,74707.0,642.0,Employed,1.0,36.0,Urban,1
100735,Male,54.0,71710.0,449003.0,831.0,Employed,1.0,36.0,Semi-Urban,1
100736,Female,37.0,35852.0,179228.0,551.0,Unemployed,0.0,24.0,Semi-Urban,0
100737,Male,23.0,15511.0,104543.0,511.0,Employed,0.0,48.0,Urban,0
100738,Male,35.0,41113.0,282041.0,748.0,Self-Employed,6.0,48.0,Urban,1
100739,Male,34.0,40067.0,259704.0,715.0,Self-Employed,0.0,36.0,Semi-Urban,1
100740,Male,41.0,40379.0,214417.0,672.0,Employed,2.0,60.0,Urban,1
100741,Male,31.0,34672.0,223963.0,730.0,Employed,1.0,24.0,Urban,0
100742,Male,39.0,68220.0,189350.0,850.0,Employed,1.0,24.0,Semi-Urban,1
100743,Female,38.0,47977.0,289282.0,699.0,Self-Employed,2.0,24.0,Rural,1
100744,Male,34.0,40251.0,272361.0,676.0,Employed,0.0,36.0,Urban,1
100745,Male,48.0,27462.0,67083.0,632.0,Employed,3.0,24.0,Urban,1
100746,Male,33.0,34381.0,74191.0,592.0,Self-Employed,2.0,60.0,Urban,1
100747,Male,51.0,65746.0,374135.0,827.0,Employed,1.0,36.0,Urban,1
100748,Male,31.0,42828.0,214708.0,702.0,Self-Employed,1.0,36.0,Semi-Urban,1
100749,Female,55.0,7000.0,38082.0,408.0,Employed,1.0,36.0,Urban,0
100750,Female,35.0,41488.0,140901.0,682.0,Employed,4.0,36.0,Urban,0
100751,Male,22.0,42118.0,189454.0,679.0,Employed,1.0,48.0,Rural,1
100752,Male,26.0,7000.0,37938.0,557.0,Employed,2.0,48.0,Semi-Urban,0
100753,,53.0,71433.0,450512.0,757.0,Employed,1.0,48.0,Urban,1
100754,Male,55.0,31137.0,134849.0,599.0,Self-Employed,2.0,36.0,Urban,1
100755,Female,29.0,38056.0,251920.0,647.0,Employed,0.0,36.0,Rural,1
100756,Male,45.0,44296.0,110855.0,761.0,Employed,1.0,36.0,Semi-Urban,1
100757,Male,43.0,14000.0,102884.0,537.0,Employed,1.0,48.0,Rural,0
100758,Female,26.0,28854.0,157731.0,721.0,Employed,1.0,36.0,Urban,1
100759,Male,39.0,42610.0,234549.0,710.0,Unemployed,2.0,36.0,Semi-Urban,0
100760,Male,48.0,52067.0,320351.0,728.0,Employed,1.0,24.0,Urban,1
100761,Female,59.0,57818.0,166440.0,771.0,,0.0,48.0,Urban,0
100762,Male,54.0,49360.0,361830.0,716.0,Employed,0.0,12.0,Semi-Urban,1
100763,Male,24.0,7000.0,30915.0,548.0,Employed,3.0,60.0,Semi-Urban,1
100764,Male,30.0,,133807.0,590.0,Employed,0.0,24.0,Urban,0
100765,Female,38.0,57697.0,308297.0,737.0,Employed,0.0,36.0,Urban,1
100766,Male,27.0,47155.0,176987.0,734.0,Self-Employed,4.0,24.0,Semi-Urban,1
100767,Male,43.0,18345.0,125783.0,631.0,Employed,1.0,24.0,Urban,0
100768,Male,21.0,7000.0,41214.0,379.0,Employed,1.0,36.0,Urban,0
100769,Male,25.0,21248.0,133852.0,640.0,Self-Employed,1.0,48.0,Urban,0
100770,Female,22.0,8984.0,43623.0,489.0,Self-Employed,0.0,24.0,Urban,0
100771,Male,32.0,21630.0,61474.0,453.0,Unemployed,1.0,24.0,Rural,0
100772,Male,51.0,46721.0,227108.0,531.0,Unemployed,2.0,24.0,Urban,0
100773,Female,28.0,17537.0,133724.0,460.0,Self-Employed,0.0,36.0,Semi-Urban,0
100774,Female,60.0,79226.0,360695.0,850.0,Self-Employed,1.0,60.0,Semi-Urban,1
100775,Male,31.0,45213.0,268715.0,694.0,Self-Employed,2.0,36.0,Urban,1
100776,Female,22.0,12522.0,56293.0,566.0,Employed,1.0,48.0,Semi-Urban,0
100777,Female,34.0,39230.0,101202.0,634.0,Self-Employed,0.0,36.0,Urban,1
100778,Male,50.0,26502.0,68891.0,548.0,Employed,0.0,36.0,Rural,1
100779,Female,25.0,27413.0,208636.0,576.0,Self-Employed,2.0,48.0,Semi-Urban,0
100780,Female,23.0,11289.0,20000.0,,Unemployed,2.0,12.0,,0
100781,Male,54.0,56325.0,236290.0,787.0,Employed,0.0,60.0,Urban,1
100782,Female,44.0,56847.0,275159.0,719.0,Self-Employed,1.0,36.0,Rural,1
100783,Male,34.0,26231.0,156430.0,632.0,Unemployed,2.0,36.0,Semi-Urban,0
100784,Female,51.0,47828.0,196839.0,693.0,Employed,1.0,60.0,Urban,0
100785,Female,54.0,57734.0,85636.0,735.0,Employed,1.0,36.0,Urban,1
100786,,35.0,36424.0,142317.0,609.0,Unemployed,1.0,60.0,Urban,0
100787,Female,43.0,32054.0,208072.0,674.0,Unemployed,1.0,60.0,Urban,0
100788,Male,21.0,21811.0,64021.0,576.0,Employed,1.0,24.0,Urban,0
100789,Female,33.0,28966.0,144986.0,584.0,Employed,0.0,36.0,Rural,1
100790,Female,44.0,44539.0,76748.0,745.0,Self-Employed,3.0,48.0,Rural,1
100791,Male,28.0,31975.0,225174.0,757.0,Employed,1.0,24.0,Urban,1
100792,Male,60.0,54237.0,409876.0,775.0,Employed,2.0,48.0,Rural,1
100793,Male,59.0,,76139.0,850.0,Employed,2.0,24.0,Semi-Urban,1
100794,Male,31.0,29339.0,195855.0,682.0,Employed,1.0,24.0,Semi-Urban,1
100795,Male,36.0,30853.0,130638.0,600.0,Employed,2.0,36.0,Rural,0
100796,Male,28.0,30762.0,205520.0,619.0,Self-Employed,2.0,48.0,Semi-Urban,0
100797,Male,41.0,42903.0,190892.0,614.0,Self-Employed,1.0,48.0,Semi-Urban,1
100798,Male,25.0,11650.0,58824.0,500.0,Self-Employed,1.0,36.0,Urban,0
100799,Female,36.0,39095.0,122588.0,644.0,Employed,0.0,24.0,Urban,1
100800,Female,43.0,44979.0,81062.0,689.0,Employed,1.0,36.0,Rural,1
100801,Female,45.0,54596.0,278043.0,724.0,Employed,0.0,24.0,Urban,1
100802,Male,44.0,36923.0,218046.0,651.0,Employed,0.0,24.0,Urban,1
100803,Female,29.0,49545.0,266470.0,766.0,Employed,3.0,36.0,Urban,1
100804,Female,52.0,47543.0,306906.0,719.0,Employed,1.0,36.0,Semi-Urban,1
100805,Male,48.0,37199.0,182504.0,566.0,Employed,2.0,24.0,Urban,1
100806,Male,51.0,39076.0,159319.0,638.0,Employed,1.0,12.0,Rural,1
100807,Female,39.0,25993.0,220073.0,508.0,Self-Employed,1.0,48.0,Urban,1
100808,Male,56.0,83892.0,480020.0,850.0,Self-Employed,5.0,12.0,Rural,1
100809,Male,36.0,41953.0,240755.0,697.0,Unemployed,2.0,60.0,Semi-Urban,1
100810,Female,53.0,69409.0,479745.0,846.0,Self-Employed,0.0,36.0,Semi-Urban,1
100811,Male,29.0,16047.0,45255.0,508.0,Employed,0.0,12.0,Urban,1
100812,Male,30.0,49635.0,277355.0,751.0,Employed,0.0,60.0,Urban,1
100813,Female,42.0,36879.0,204519.0,641.0,Employed,2.0,36.0,Rural,0
100814,Female,43.0,38972.0,117744.0,616.0,Employed,1.0,48.0,Semi-Urban,1
100815,Male,50.0,67147.0,344908.0,850.0,Employed,1.0,36.0,Urban,1
100816,Female,32.0,38007.0,139812.0,718.0,Employed,0.0,36.0,Rural,1
100817,Female,55.0,81813.0,364050.0,850.0,Employed,1.0,48.0,Rural,1
100818,Male,34.0,35285.0,99559.0,624.0,Employed,1.0,36.0,Urban,1
100819,Female,42.0,45336.0,247099.0,763.0,Self-Employed,1.0,36.0,Semi-Urban,1
100820,Male,58.0,60358.0,368347.0,755.0,Self-Employed,0.0,24.0,Semi-Urban,1
100821,Male,42.0,27936.0,127189.0,638.0,Self-Employed,1.0,36.0,Rural,1
100822,Female,48.0,53357.0,175824.0,715.0,Self-Employed,4.0,12.0,Urban,1
100823,Male,57.0,71335.0,371961.0,846.0,Employed,4.0,48.0,Urban,1
100824,Female,59.0,66986.0,199702.0,701.0,Employed,2.0,36.0,Urban,1
100825,Female,40.0,48144.0,195261.0,698.0,Self-Employed,2.0,60.0,Urban,1
100826,Male,37.0,23661.0,91358.0,598.0,Employed,1.0,24.0,,1
100827,Female,28.0,28422.0,180787.0,597.0,Employed,0.0,36.0,Semi-Urban,0
100828,Male,42.0,53254.0,211057.0,850.0,Employed,3.0,36.0,Semi-Urban,1
100829,Female,57.0,53769.0,214261.0,671.0,Unemployed,0.0,48.0,Urban,1
100830,Male,40.0,49901.0,336034.0,693.0,Self-Employed,2.0,48.0,Semi-Urban,0
100831,Female,34.0,22737.0,99988.0,538.0,Employed,1.0,36.0,Urban,0
100832,Male,25.0,41806.0,288971.0,648.0,Self-Employed,2.0,36.0,Urban,0
100833,Male,36.0,7000.0,20000.0,557.0,Employed,3.0,48.0,Semi-Urban,0
100834,Female,30.0,32494.0,140885.0,723.0,Employed,5.0,24.0,Rural,1
100835,Female,60.0,91744.0,192504.0,850.0,Employed,1.0,36.0,Urban,1
100836,Male,42.0,23000.0,81275.0,550.0,Employed,2.0,48.0,Rural,0
100837,Female,26.0,29604.0,139000.0,547.0,Self-Employed,5.0,24.0,Rural,0
100838,Female,23.0,20105.0,102891.0,645.0,Employed,1.0,48.0,Semi-Urban,1
100839,Male,55.0,58849.0,282604.0,835.0,Self-Employed,0.0,48.0,Rural,1
100840,Male,58.0,71136.0,218623.0,850.0,Employed,4.0,24.0,Urban,1
100841,Male,51.0,65669.0,445429.0,735.0,Self-Employed,2.0,36.0,Urban,1
100842,Female,25.0,33228.0,134159.0,559.0,Self-Employed,1.0,36.0,Rural,0
100843,Male,24.0,39867.0,97130.0,678.0,Self-Employed,3.0,48.0,Semi-Urban,1
100844,Male,28.0,25901.0,243333.0,636.0,Employed,0.0,36.0,Urban,1
100845,Male,51.0,80158.0,328975.0,768.0,Unemployed,2.0,36.0,Urban,1
100846,Female,51.0,52816.0,176658.0,737.0,Employed,2.0,36.0,Urban,0
100847,Male,54.0,65643.0,126015.0,850.0,Self-Employed,0.0,12.0,Urban,1
100848,Female,24.0,9774.0,23933.0,489.0,Self-Employed,0.0,12.0,Urban,0
100849,Male,27.0,18079.0,104924.0,644.0,Employed,0.0,24.0,Rural,1
100850,Female,57.0,71369.0,347539.0,850.0,Employed,2.0,24.0,Urban,1
100851,Male,58.0,42675.0,287111.0,639.0,Employed,0.0,24.0,Rural,0
100852,Male,50.0,24009.0,104468.0,579.0,Employed,1.0,36.0,Urban,0
100853,Female,25.0,22788.0,104946.0,581.0,Employed,3.0,36.0,Urban,1
100854,Female,23.0,36649.0,215892.0,613.0,Employed,0.0,12.0,Rural,1
100855,Male,23.0,20709.0,131288.0,523.0,Employed,2.0,36.0,Urban,0
100856,Male,48.0,43667.0,232904.0,787.0,Employed,4.0,24.0,Urban,1
100857,Female,54.0,40998.0,233338.0,621.0,Self-Employed,3.0,36.0,Rural,0
100858,Female,46.0,50927.0,270637.0,804.0,Employed,2.0,60.0,Urban,1
100859,Male,31.0,45935.0,290003.0,678.0,Self-Employed,3.0,36.0,Urban,1
100860,Male,51.0,29619.0,47063.0,625.0,Employed,0.0,12.0,Rural,1
100861,Female,23.0,33814.0,140441.0,680.0,Employed,2.0,36.0,Urban,0
100862,Female,54.0,63488.0,356120.0,781.0,Employed,1.0,48.0,Semi-Urban,1
100863,Female,56.0,79088.0,304850.0,850.0,Self-Employed,2.0,24.0,Urban,1
100864,Male,49.0,55802.0,159324.0,659.0,Employed,3.0,60.0,Urban,1
100865,Male,56.0,55344.0,420525.0,768.0,Unemployed,1.0,36.0,Semi-Urban,0
100866,Female,44.0,49549.0,137741.0,601.0,Employed,3.0,12.0,Semi-Urban,1
100867,Female,39.0,48222.0,134655.0,717.0,Employed,0.0,36.0,Urban,1
100868,Female,33.0,9375.0,36047.0,561.0,Employed,4.0,48.0,Rural,0
100869,Male,57.0,48587.0,87908.0,751.0,Self-Employed,1.0,36.0,Semi-Urban,0
100870,Male,48.0,38868.0,99913.0,606.0,Employed,2.0,60.0,Semi-Urban,1
100871,Female,28.0,24142.0,63223.0,531.0,Employed,1.0,60.0,Semi-Urban,0
100872,Male,59.0,64458.0,183892.0,782.0,Employed,3.0,24.0,Semi-Urban,1
100873,Female,23.0,24096.0,89542.0,606.0,Employed,1.0,12.0,Semi-Urban,1
100874,Male,44.0,56705.0,347074.0,665.0,Employed,0.0,36.0,Urban,0
100875,Female,28.0,30482.0,58623.0,605.0,Unemployed,2.0,36.0,Rural,0
100876,Female,47.0,36131.0,158903.0,680.0,Employed,1.0,36.0,Semi-Urban,1
100877,Male,37.0,38463.0,194834.0,660.0,Employed,0.0,24.0,Rural,1
100878,Male,38.0,17526.0,34016.0,563.0,Unemployed,0.0,60.0,Rural,0
100879,Female,47.0,44341.0,181961.0,720.0,Employed,1.0,36.0,Urban,1
100880,Female,51.0,54861.0,209243.0,737.0,Employed,1.0,48.0,Urban,1
100881,Male,36.0,7000.0,70074.0,379.0,Self-Employed,0.0,48.0,Semi-Urban,0
100882,Female,60.0,80835.0,292121.0,850.0,Unemployed,1.0,12.0,Semi-Urban,1
100883,Female,40.0,54697.0,120720.0,698.0,Self-Employed,0.0,24.0,Rural,1
100884,Male,27.0,17452.0,84970.0,527.0,Employed,2.0,24.0,Urban,0
100885,Male,21.0,32128.0,207310.0,642.0,Unemployed,1.0,60.0,Semi-Urban,0
100886,Male,29.0,22631.0,149778.0,665.0,Employed,1.0,36.0,Rural,0
100887,Male,48.0,40290.0,76453.0,658.0,Unemployed,1.0,48.0,Rural,1
100888,Male,42.0,44255.0,254512.0,723.0,Self-Employed,2.0,36.0,Urban,0
100889,Male,34.0,43124.0,218138.0,597.0,Unemployed,1.0,36.0,Rural,0
100890,Female,40.0,37640.0,80661.0,684.0,Employed,3.0,60.0,Urban,1
100891,Male,54.0,56094.0,395931.0,770.0,Employed,1.0,36.0,Semi-Urban,1
100892,Female,43.0,65645.0,378427.0,850.0,Self-Employed,4.0,48.0,Urban,1
100893,Male,23.0,27222.0,71781.0,,Employed,1.0,36.0,Semi-Urban,1
100894,Male,22.0,18448.0,134852.0,551.0,Employed,1.0,24.0,Urban,0
100895,Female,40.0,43225.0,119400.0,735.0,Unemployed,0.0,12.0,Urban,1
100896,Female,37.0,75062.0,336876.0,850.0,Self-Employed,2.0,24.0,Urban,1
100897,Male,55.0,59209.0,173406.0,730.0,Employed,1.0,48.0,Rural,1
100898,Male,44.0,44701.0,134696.0,850.0,Employed,2.0,36.0,Semi-Urban,1
100899,Male,51.0,53048.0,354662.0,697.0,Employed,3.0,36.0,Semi-Urban,0
100900,Male,44.0,59025.0,260178.0,786.0,Employed,2.0,24.0,Semi-Urban,1
100901,Male,34.0,25110.0,47068.0,620.0,Employed,1.0,36.0,Urban,1
100902,Male,47.0,52260.0,265625.0,752.0,Self-Employed,1.0,48.0,Urban,0
100903,Male,45.0,34951.0,266924.0,630.0,Self-Employed,1.0,36.0,Urban,0
100904,Male,49.0,34594.0,172587.0,644.0,Employed,1.0,60.0,Semi-Urban,0
100905,Female,28.0,19486.0,159716.0,557.0,Employed,1.0,12.0,Rural,0
100906,Female,46.0,53829.0,330869.0,684.0,Self-Employed,3.0,12.0,Urban,1
100907,Male,32.0,60329.0,343050.0,850.0,Self-Employed,0.0,36.0,Semi-Urban,1
100908,Male,52.0,67532.0,195638.0,810.0,Self-Employed,1.0,24.0,Rural,1
100909,Male,52.0,41155.0,266891.0,723.0,Employed,1.0,48.0,Rural,1
100910,Male,45.0,44664.0,153035.0,676.0,Self-Employed,0.0,48.0,Urban,1
100911,Female,58.0,75197.0,231690.0,850.0,Employed,2.0,24.0,Rural,1
100912,Female,42.0,54619.0,219282.0,740.0,Employed,0.0,60.0,Semi-Urban,1
100913,Female,22.0,28438.0,48636.0,519.0,Self-Employed,0.0,12.0,Semi-Urban,1
100914,Female,45.0,39090.0,165463.0,670.0,Employed,5.0,48.0,Semi-Urban,1
100915,Female,52.0,,462861.0,804.0,Employed,0.0,36.0,Urban,1
100916,Female,25.0,10480.0,37984.0,584.0,Employed,1.0,48.0,Rural,0
100917,Male,25.0,27104.0,127473.0,546.0,Employed,1.0,12.0,Semi-Urban,0
100918,Male,31.0,56272.0,238685.0,743.0,Employed,0.0,60.0,Semi-Urban,1
100919,Male,54.0,65764.0,331620.0,763.0,Self-Employed,1.0,60.0,Rural,1
100920,Male,42.0,31793.0,89774.0,718.0,Employed,0.0,36.0,Semi-Urban,1
100921,Male,60.0,65824.0,137150.0,780.0,Employed,0.0,36.0,Urban,1
100922,Female,55.0,58760.0,313288.0,804.0,Self-Employed,1.0,36.0,Urban,1
100923,Female,43.0,25471.0,104610.0,657.0,Employed,0.0,36.0,Rural,1
100924,Male,48.0,47112.0,150853.0,690.0,Unemployed,0.0,36.0,Semi-Urban,0
100925,Male,34.0,45714.0,157084.0,640.0,Employed,1.0,36.0,Rural,1
100926,Male,24.0,17569.0,55708.0,484.0,Employed,0.0,60.0,Urban,0
100927,Male,36.0,29973.0,171789.0,675.0,Employed,2.0,36.0,Semi-Urban,1
100928,Female,44.0,40761.0,168192.0,604.0,,0.0,24.0,Rural,1
100929,Female,28.0,23901.0,123467.0,616.0,Employed,0.0,60.0,Semi-Urban,1
100930,Female,29.0,11052.0,66386.0,504.0,Unemployed,1.0,24.0,Urban,0
100931,Male,21.0,7000.0,41221.0,521.0,Employed,3.0,24.0,Urban,0
100932,Male,50.0,72606.0,212882.0,850.0,Employed,4.0,60.0,Rural,1
100933,Male,56.0,62098.0,352155.0,,Employed,4.0,24.0,Semi-Urban,0
100934,Female,54.0,61169.0,170076.0,748.0,Employed,1.0,24.0,Urban,1
100935,Female,36.0,45101.0,120040.0,752.0,Employed,2.0,36.0,Semi-Urban,1
100936,Male,44.0,52552.0,255528.0,719.0,Employed,0.0,48.0,Urban,1
100937,Female,59.0,54843.0,171831.0,615.0,Employed,2.0,12.0,Urban,1
100938,Male,44.0,55571.0,170394.0,791.0,Self-Employed,2.0,36.0,Urban,1
100939,Female,32.0,26872.0,176209.0,554.0,Employed,0.0,12.0,Urban,1
100940,Male,34.0,37562.0,272602.0,696.0,Employed,1.0,36.0,Rural,1
100941,Male,50.0,54000.0,378992.0,838.0,Employed,0.0,36.0,Urban,1
100942,Female,38.0,32108.0,246064.0,641.0,,2.0,24.0,Rural,1
100943,Male,54.0,38348.0,123177.0,729.0,Employed,1.0,60.0,Semi-Urban,1
100944,Male,55.0,57155.0,321802.0,788.0,Employed,0.0,36.0,Urban,1
100945,Male,22.0,16649.0,65489.0,641.0,Employed,0.0,48.0,Urban,1
100946,Male,49.0,35116.0,201780.0,583.0,Self-Employed,0.0,60.0,Urban,1
100947,Female,35.0,39492.0,198311.0,681.0,Employed,1.0,60.0,Semi-Urban,1
100948,Female,41.0,51584.0,96542.0,785.0,Employed,1.0,48.0,Rural,1
100949,Female,31.0,68340.0,169260.0,816.0,Self-Employed,0.0,36.0,Semi-Urban,1
100950,Male,35.0,28706.0,145495.0,685.0,Employed,0.0,48.0,Semi-Urban,1
100951,Male,34.0,25835.0,84733.0,581.0,Employed,2.0,36.0,Rural,1
100952,Male,23.0,7000.0,20964.0,589.0,Unemployed,0.0,24.0,Semi-Urban,0
100953,Male,52.0,45604.0,312366.0,807.0,Unemployed,2.0,36.0,Semi-Urban,1
100954,Male,26.0,34928.0,158034.0,656.0,Self-Employed,0.0,36.0,Semi-Urban,1
100955,Female,36.0,24764.0,114436.0,630.0,Employed,0.0,36.0,Urban,0
100956,Female,28.0,23601.0,55726.0,658.0,Employed,0.0,48.0,Urban,0
100957,Female,27.0,7000.0,64552.0,410.0,Unemployed,2.0,36.0,Semi-Urban,0
100958,Male,35.0,35517.0,171279.0,562.0,Unemployed,1.0,24.0,Semi-Urban,0
100959,Male,57.0,48352.0,181335.0,799.0,Employed,1.0,12.0,Urban,1
100960,Male,58.0,58284.0,381438.0,801.0,Employed,1.0,60.0,Rural,1
100961,Male,36.0,17380.0,32185.0,546.0,Employed,0.0,36.0,,0
100962,Male,41.0,33012.0,159972.0,646.0,Employed,0.0,36.0,Semi-Urban,1
100963,Male,60.0,66545.0,143023.0,685.0,Self-Employed,3.0,48.0,Rural,1
100964,Male,30.0,27765.0,66190.0,605.0,Employed,1.0,48.0,Urban,1
100965,Female,58.0,64457.0,266007.0,778.0,Employed,3.0,36.0,Rural,1
100966,Male,25.0,39669.0,258449.0,733.0,Employed,2.0,36.0,Rural,1
100967,Female,30.0,36693.0,135329.0,720.0,Employed,1.0,24.0,Semi-Urban,1
100968,Male,34.0,43846.0,232810.0,737.0,Employed,2.0,60.0,Rural,1
100969,Male,22.0,36453.0,226505.0,686.0,Employed,1.0,36.0,Semi-Urban,0
100970,Male,53.0,60036.0,331667.0,713.0,Employed,1.0,48.0,Semi-Urban,1
100971,Male,55.0,45960.0,72230.0,724.0,Unemployed,1.0,24.0,Semi-Urban,1
100972,Male,36.0,46609.0,264148.0,755.0,Employed,1.0,36.0,Urban,1
100973,Male,54.0,67176.0,165950.0,850.0,Employed,0.0,36.0,Urban,1
100974,Female,51.0,58783.0,282775.0,850.0,Employed,1.0,36.0,Urban,1
100975,Male,53.0,35744.0,159356.0,567.0,Employed,0.0,48.0,Urban,1
100976,Female,53.0,43102.0,245234.0,680.0,Employed,1.0,48.0,Rural,0
100977,Male,43.0,38902.0,122902.0,637.0,Employed,0.0,36.0,Rural,0
100978,Male,25.0,31755.0,148569.0,648.0,Employed,2.0,60.0,Rural,1
100979,Male,57.0,57344.0,152660.0,781.0,Employed,0.0,24.0,Urban,1
100980,Male,45.0,67042.0,203846.0,806.0,Self-Employed,0.0,36.0,Semi-Urban,1
100981,Female,57.0,73383.0,365599.0,850.0,Employed,1.0,24.0,Semi-Urban,1
100982,Female,59.0,74190.0,284420.0,813.0,Employed,3.0,24.0,Urban,1
100983,Female,28.0,40166.0,201770.0,628.0,Employed,0.0,60.0,Semi-Urban,1
100984,Male,37.0,23156.0,128077.0,534.0,Employed,1.0,12.0,Urban,0
100985,Male,28.0,31492.0,189429.0,617.0,Employed,1.0,60.0,Rural,1
100986,Female,23.0,12910.0,103777.0,466.0,Employed,0.0,36.0,Urban,0
100987,Male,59.0,40011.0,272042.0,681.0,Employed,1.0,48.0,Rural,1
100988,Male,57.0,54150.0,362207.0,753.0,Employed,0.0,12.0,Rural,1
100989,Male,58.0,65597.0,158392.0,758.0,Unemployed,1.0,36.0,Semi-Urban,1
100990,Female,56.0,53029.0,246382.0,779.0,Unemployed,0.0,60.0,Urban,1
100991,Female,46.0,60714.0,303547.0,771.0,Unemployed,2.0,36.0,Urban,1
100992,Female,41.0,42127.0,96327.0,754.0,Employed,1.0,36.0,Rural,1
100993,Female,60.0,90274.0,295337.0,850.0,Employed,4.0,48.0,Urban,1
100994,Male,43.0,44330.0,145125.0,707.0,Employed,2.0,48.0,Urban,1
100995,Female,46.0,45770.0,257824.0,685.0,Employed,1.0,24.0,Rural,1
100996,Male,29.0,11447.0,76722.0,525.0,Employed,4.0,48.0,Semi-Urban,0
100997,Female,50.0,63227.0,319868.0,,Employed,5.0,48.0,Semi-Urban,1
100998,Male,53.0,47174.0,258743.0,701.0,Employed,0.0,48.0,Urban,1
100999,Female,48.0,39935.0,199152.0,712.0,Employed,1.0,36.0,Semi-Urban,1
101000,Male,40.0,54275.0,194088.0,718.0,Employed,0.0,36.0,Rural,1
101001,Male,28.0,48599.0,303816.0,758.0,Self-Employed,1.0,60.0,Urban,1
101002,Male,22.0,32685.0,204942.0,611.0,Employed,1.0,36.0,Urban,0
101003,Male,46.0,50154.0,120755.0,772.0,Self-Employed,0.0,36.0,Urban,1
101004,Male,48.0,47088.0,166662.0,727.0,Employed,0.0,60.0,Semi-Urban,1
101005,Female,51.0,50282.0,129409.0,825.0,Employed,1.0,24.0,Urban,1
101006,Male,59.0,69190.0,494609.0,783.0,Employed,1.0,36.0,Rural,1
101007,Female,40.0,57543.0,208356.0,700.0,Employed,1.0,48.0,Urban,0
101008,Male,54.0,58718.0,123179.0,754.0,Employed,2.0,48.0,Urban,1
101009,Female,49.0,72499.0,145401.0,788.0,Employed,2.0,60.0,Rural,1
101010,Male,32.0,40866.0,78589.0,613.0,Employed,0.0,48.0,Rural,1
101011,Female,54.0,51482.0,240546.0,782.0,Employed,4.0,36.0,Semi-Urban,0
101012,Female,23.0,30145.0,169773.0,629.0,Employed,1.0,36.0,Rural,1
101013,Male,44.0,54771.0,250733.0,715.0,Unemployed,0.0,12.0,Urban,0
101014,Female,58.0,82679.0,513058.0,850.0,Employed,1.0,60.0,Semi-Urban,1
101015,Male,47.0,60843.0,162712.0,767.0,Employed,1.0,24.0,Urban,1
101016,Male,58.0,59008.0,261391.0,850.0,Employed,0.0,36.0,Semi-Urban,1
101017,Female,23.0,17600.0,81167.0,519.0,Employed,1.0,36.0,Semi-Urban,0
101018,Female,42.0,48013.0,259414.0,656.0,Employed,1.0,24.0,Rural,1
101019,Male,52.0,72188.0,492225.0,850.0,Employed,3.0,24.0,Urban,1
101020,Male,46.0,59705.0,213598.0,766.0,Self-Employed,0.0,36.0,Urban,1
101021,Female,56.0,61954.0,276145.0,850.0,Employed,2.0,12.0,Rural,1
101022,Female,39.0,38417.0,263246.0,646.0,Employed,1.0,60.0,Semi-Urban,1
101023,Female,48.0,43765.0,153380.0,751.0,Employed,0.0,60.0,Urban,1
101024,Male,37.0,24654.0,170291.0,633.0,Unemployed,1.0,12.0,Urban,0
101025,Female,55.0,66025.0,242808.0,785.0,Self-Employed,2.0,60.0,Urban,1
101026,Male,25.0,34017.0,102161.0,585.0,Unemployed,0.0,36.0,Urban,0
101027,Female,31.0,35123.0,223783.0,683.0,Self-Employed,3.0,12.0,Urban,1
101028,Male,24.0,30931.0,116326.0,650.0,Self-Employed,2.0,36.0,Semi-Urban,1
101029,Female,49.0,38415.0,256436.0,597.0,Employed,3.0,48.0,Semi-Urban,0
101030,Male,30.0,27500.0,173640.0,527.0,Unemployed,1.0,48.0,Semi-Urban,0
101031,Male,33.0,47600.0,148995.0,587.0,Employed,1.0,24.0,Urban,1
101032,Female,54.0,73794.0,379346.0,850.0,Employed,1.0,48.0,Urban,1
101033,Male,35.0,44840.0,274787.0,681.0,Self-Employed,1.0,48.0,Urban,0
101034,Female,26.0,30392.0,52718.0,622.0,Employed,1.0,48.0,Rural,1
101035,Male,21.0,16157.0,101678.0,458.0,Employed,1.0,36.0,Semi-Urban,0
101036,Female,30.0,34236.0,235828.0,591.0,Employed,1.0,48.0,Urban,1
101037,Male,57.0,61368.0,94040.0,776.0,Employed,1.0,36.0,Semi-Urban,1
101038,Male,42.0,50799.0,322959.0,692.0,Self-Employed,0.0,24.0,Semi-Urban,0
101039,Male,60.0,62553.0,299798.0,816.0,Employed,1.0,48.0,Semi-Urban,1
101040,Male,29.0,41223.0,259515.0,708.0,Self-Employed,0.0,36.0,Semi-Urban,1
101041,Male,35.0,29870.0,183667.0,752.0,Employed,1.0,48.0,Rural,1
101042,Female,27.0,30690.0,190656.0,616.0,Self-Employed,1.0,48.0,Urban,0
101043,Female,36.0,54988.0,288583.0,829.0,Employed,4.0,36.0,Semi-Urban,1
101044,Female,43.0,65727.0,149934.0,756.0,Unemployed,3.0,24.0,Semi-Urban,1
101045,Male,53.0,38748.0,187918.0,585.0,Employed,0.0,48.0,Semi-Urban,1
101046,Male,35.0,18286.0,86317.0,544.0,Employed,1.0,48.0,Urban,1
101047,Male,51.0,39514.0,231573.0,593.0,Employed,1.0,48.0,Semi-Urban,1
101048,Female,46.0,44261.0,282666.0,708.0,Employed,1.0,36.0,Urban,1
101049,Female,32.0,40849.0,197583.0,646.0,Employed,0.0,24.0,Semi-Urban,1
101050,Male,57.0,73695.0,387821.0,749.0,Self-Employed,1.0,36.0,Semi-Urban,1
101051,Female,38.0,29764.0,167851.0,698.0,Unemployed,4.0,48.0,Urban,0
101052,Male,27.0,39947.0,214085.0,639.0,Self-Employed,3.0,36.0,Rural,1
101053,Male,59.0,51495.0,279354.0,658.0,Employed,0.0,48.0,Rural,1
101054,Male,57.0,54671.0,114269.0,815.0,Employed,1.0,36.0,Semi-Urban,1
101055,Male,22.0,27859.0,83172.0,561.0,Self-Employed,0.0,12.0,Rural,0
101056,Female,57.0,47589.0,238856.0,771.0,Self-Employed,2.0,36.0,Rural,1
101057,Female,58.0,44764.0,148819.0,670.0,Employed,0.0,36.0,Urban,1
101058,Male,54.0,31841.0,159098.0,584.0,Unemployed,1.0,36.0,Semi-Urban,0
101059,Male,31.0,38169.0,54993.0,693.0,Employed,0.0,24.0,Semi-Urban,1
101060,Female,46.0,57444.0,298139.0,798.0,Self-Employed,3.0,48.0,Semi-Urban,1
101061,Female,42.0,39433.0,278565.0,698.0,Unemployed,1.0,36.0,Rural,0
101062,Female,45.0,31324.0,154343.0,616.0,Self-Employed,2.0,48.0,Semi-Urban,0
101063,Male,45.0,26597.0,142996.0,639.0,Employed,0.0,36.0,Urban,1
101064,Female,46.0,53459.0,316811.0,800.0,Employed,0.0,36.0,Semi-Urban,1
101065,Male,41.0,7000.0,20000.0,512.0,Employed,0.0,48.0,Semi-Urban,0
101066,Female,48.0,71396.0,219906.0,835.0,Self-Employed,1.0,36.0,Urban,1
101067,Male,42.0,19220.0,89084.0,489.0,Employed,0.0,36.0,Urban,1
101068,Female,21.0,37120.0,133086.0,686.0,Self-Employed,1.0,36.0,Urban,1
101069,Male,22.0,7000.0,20000.0,,Unemployed,4.0,12.0,Semi-Urban,0
101070,Male,59.0,72387.0,212897.0,841.0,Employed,1.0,60.0,Urban,1
101071,Female,57.0,96098.0,594953.0,,Employed,2.0,36.0,Urban,1
101072,Female,44.0,25022.0,159009.0,507.0,Self-Employed,0.0,24.0,Urban,0
101073,Male,27.0,32945.0,135557.0,735.0,Employed,0.0,48.0,Semi-Urban,1
101074,Female,52.0,30402.0,212484.0,629.0,Employed,1.0,24.0,Urban,1
101075,Female,26.0,28621.0,199390.0,638.0,Employed,1.0,60.0,Urban,1
101076,Male,36.0,32019.0,187271.0,618.0,Employed,1.0,36.0,Semi-Urban,0
101077,Male,34.0,42857.0,227331.0,593.0,Self-Employed,2.0,24.0,Urban,0
101078,Male,21.0,7060.0,61447.0,493.0,Employed,1.0,12.0,Urban,0
101079,Female,53.0,62566.0,308319.0,828.0,Employed,2.0,12.0,Semi-Urban,1
101080,Male,41.0,22620.0,114762.0,625.0,Employed,0.0,12.0,Urban,1
101081,Male,33.0,46100.0,121500.0,707.0,Employed,0.0,12.0,Urban,1
101082,Female,41.0,35089.0,156741.0,536.0,Employed,0.0,36.0,Urban,0
101083,Female,21.0,10168.0,51571.0,418.0,Self-Employed,0.0,36.0,Urban,0
101084,Female,38.0,55839.0,119086.0,850.0,Employed,0.0,36.0,Semi-Urban,1
101085,Female,41.0,39192.0,117708.0,619.0,Employed,4.0,24.0,Rural,0
101086,Female,34.0,46192.0,102932.0,772.0,Unemployed,0.0,12.0,Urban,1
101087,Female,54.0,68956.0,217190.0,793.0,Employed,1.0,12.0,Semi-Urban,1
101088,Female,30.0,18322.0,49596.0,553.0,Employed,3.0,24.0,Rural,1
101089,Male,26.0,22480.0,101390.0,621.0,Employed,1.0,36.0,Semi-Urban,1
101090,Male,42.0,42552.0,270807.0,653.0,Employed,0.0,24.0,Semi-Urban,1
101091,Male,56.0,74816.0,405150.0,850.0,Employed,1.0,36.0,Semi-Urban,1
101092,Female,36.0,48750.0,246337.0,722.0,Self-Employed,0.0,60.0,Semi-Urban,1
101093,Male,22.0,30216.0,81890.0,640.0,,1.0,24.0,Rural,1
101094,Male,59.0,57401.0,312630.0,766.0,Employed,0.0,24.0,Urban,1
101095,Female,38.0,36093.0,95569.0,698.0,Employed,2.0,48.0,Rural,1
101096,Male,27.0,40255.0,134560.0,772.0,Employed,1.0,36.0,Semi-Urban,1
101097,Male,45.0,44444.0,239926.0,701.0,Employed,1.0,12.0,Semi-Urban,1
101098,Female,33.0,35460.0,231899.0,739.0,Self-Employed,1.0,48.0,Semi-Urban,0
101099,Female,58.0,60926.0,441118.0,752.0,Self-Employed,1.0,48.0,Urban,1
101100,Male,32.0,14455.0,41432.0,559.0,Unemployed,1.0,60.0,Urban,1
101101,Male,43.0,25375.0,134488.0,630.0,Employed,0.0,60.0,Rural,1
101102,Male,42.0,41095.0,169457.0,616.0,Self-Employed,2.0,36.0,Semi-Urban,0
101103,Female,30.0,45881.0,306348.0,728.0,Employed,0.0,48.0,Rural,0
101104,Female,40.0,36421.0,82472.0,664.0,Employed,2.0,36.0,Urban,1
101105,Male,25.0,21853.0,74952.0,511.0,Unemployed,0.0,60.0,Urban,0
101106,Female,46.0,15755.0,112240.0,569.0,Employed,1.0,36.0,Urban,0
101107,Male,51.0,66820.0,421192.0,826.0,Self-Employed,0.0,36.0,Urban,1
101108,Male,59.0,66864.0,228553.0,814.0,Self-Employed,1.0,12.0,Semi-Urban,1
101109,Female,34.0,17523.0,66285.0,530.0,Unemployed,2.0,36.0,Rural,1
101110,Male,32.0,,103722.0,636.0,Employed,3.0,36.0,Rural,0
101111,Male,42.0,35150.0,98005.0,637.0,Employed,0.0,48.0,Semi-Urban,1
101112,Male,48.0,31214.0,83176.0,628.0,Self-Employed,0.0,24.0,Urban,1
101113,Female,60.0,80967.0,449989.0,850.0,Self-Employed,2.0,48.0,Semi-Urban,1
101114,Female,22.0,22016.0,66974.0,730.0,Employed,0.0,12.0,Semi-Urban,1
101115,Female,30.0,33133.0,113893.0,553.0,Self-Employed,1.0,36.0,Semi-Urban,0
101116,Male,31.0,,34272.0,526.0,Employed,3.0,36.0,Semi-Urban,0
101117,Male,31.0,11362.0,98914.0,497.0,Employed,2.0,36.0,Urban,0
101118,Female,39.0,49487.0,177857.0,834.0,Self-Employed,2.0,36.0,Urban,1
101119,Male,55.0,74761.0,365321.0,804.0,Employed,1.0,24.0,Rural,1
101120,Female,22.0,21538.0,113870.0,605.0,Employed,1.0,24.0,Semi-Urban,1
101121,Female,53.0,27607.0,112873.0,604.0,Unemployed,2.0,48.0,Rural,0
101122,,45.0,56101.0,219579.0,777.0,Self-Employed,2.0,24.0,Urban,1
101123,Female,45.0,52760.0,287262.0,808.0,Self-Employed,4.0,48.0,Semi-Urban,1
101124,Male,48.0,58069.0,189791.0,850.0,Employed,1.0,48.0,Urban,1
101125,Male,25.0,20681.0,71676.0,527.0,Unemployed,0.0,12.0,Rural,0
101126,Male,50.0,14070.0,100414.0,551.0,Employed,1.0,60.0,Urban,1
101127,Male,30.0,34443.0,215438.0,550.0,Employed,2.0,48.0,Semi-Urban,0
101128,Female,41.0,27958.0,232579.0,622.0,Employed,2.0,48.0,Urban,0
101129,Female,48.0,39639.0,221924.0,623.0,Self-Employed,2.0,48.0,Urban,1
101130,Female,45.0,33138.0,194766.0,611.0,Unemployed,1.0,36.0,Urban,0
101131,Female,33.0,45132.0,154056.0,605.0,Self-Employed,2.0,60.0,Semi-Urban,1
101132,Male,36.0,23811.0,123706.0,601.0,Self-Employed,1.0,24.0,Rural,0
101133,Male,40.0,47355.0,140089.0,631.0,Employed,3.0,12.0,Rural,1
101134,Female,22.0,28260.0,63615.0,627.0,Employed,0.0,48.0,Semi-Urban,1
101135,Female,50.0,50464.0,221406.0,675.0,Employed,0.0,24.0,Semi-Urban,1
101136,Male,24.0,10889.0,72893.0,475.0,Employed,0.0,36.0,Semi-Urban,0
101137,Male,39.0,26047.0,113578.0,670.0,Employed,1.0,36.0,Urban,1
101138,Male,47.0,67911.0,417574.0,850.0,Self-Employed,2.0,36.0,Rural,1
101139,Male,24.0,12165.0,47837.0,577.0,Self-Employed,0.0,60.0,Semi-Urban,1
101140,Female,60.0,82674.0,549931.0,850.0,Self-Employed,2.0,24.0,Semi-Urban,1
101141,Male,36.0,32518.0,246387.0,600.0,Employed,1.0,24.0,Urban,1
101142,Female,21.0,16850.0,97734.0,638.0,Employed,1.0,48.0,Urban,0
101143,Female,47.0,26103.0,64899.0,526.0,Employed,0.0,48.0,Urban,1
101144,Female,43.0,40439.0,256993.0,727.0,Employed,1.0,48.0,Rural,1
101145,Male,46.0,52863.0,289495.0,728.0,Employed,0.0,24.0,Semi-Urban,1
101146,Male,51.0,34963.0,235797.0,605.0,Employed,1.0,60.0,Semi-Urban,1
101147,Female,40.0,44884.0,83436.0,745.0,Employed,0.0,36.0,Semi-Urban,1
101148,Female,54.0,64368.0,227095.0,850.0,Self-Employed,0.0,48.0,Semi-Urban,1
101149,Male,35.0,25675.0,97243.0,655.0,Employed,0.0,12.0,Urban,0
101150,Female,42.0,51356.0,199822.0,759.0,Employed,1.0,36.0,Urban,1
101151,Male,27.0,7000.0,52710.0,508.0,Employed,2.0,36.0,Semi-Urban,0
101152,Female,45.0,48560.0,134991.0,760.0,Employed,1.0,36.0,Urban,1
101153,Male,31.0,48433.0,210009.0,747.0,Employed,0.0,12.0,Urban,1
101154,Male,48.0,64979.0,366395.0,850.0,Employed,0.0,36.0,Semi-Urban,1
101155,Male,53.0,57878.0,242870.0,794.0,Employed,1.0,48.0,Urban,1
101156,Male,55.0,51780.0,168576.0,796.0,Employed,2.0,36.0,Rural,1
101157,Male,58.0,42070.0,184853.0,581.0,Unemployed,1.0,36.0,Rural,1
101158,Male,25.0,18765.0,149019.0,559.0,Employed,2.0,24.0,Rural,0
101159,Male,26.0,30026.0,194641.0,552.0,Employed,2.0,60.0,Rural,0
101160,Female,58.0,49013.0,272689.0,749.0,Employed,0.0,36.0,Urban,1
101161,Male,36.0,43589.0,271813.0,794.0,Employed,1.0,36.0,Urban,1
101162,Female,22.0,44698.0,101490.0,684.0,Employed,5.0,60.0,Semi-Urban,1
101163,Female,32.0,38357.0,247127.0,667.0,Self-Employed,1.0,48.0,Urban,0
101164,Male,54.0,38167.0,238361.0,715.0,Employed,1.0,24.0,Rural,0
101165,Male,35.0,26263.0,131908.0,479.0,Self-Employed,1.0,36.0,Urban,0
101166,Female,24.0,30619.0,141501.0,603.0,Employed,1.0,60.0,Semi-Urban,0
101167,Female,49.0,48083.0,152732.0,749.0,Employed,1.0,12.0,Semi-Urban,1
101168,Male,28.0,36222.0,105733.0,504.0,Employed,2.0,36.0,Rural,0
101169,Female,35.0,26996.0,222612.0,558.0,Employed,1.0,24.0,Semi-Urban,1
101170,Male,21.0,27967.0,207897.0,678.0,Employed,1.0,48.0,Semi-Urban,1
101171,Male,45.0,33500.0,88259.0,678.0,Unemployed,3.0,36.0,Urban,0
101172,Female,38.0,36910.0,206107.0,672.0,Self-Employed,1.0,60.0,Semi-Urban,1
101173,Male,55.0,41588.0,252282.0,716.0,Unemployed,3.0,48.0,Semi-Urban,0
101174,Female,34.0,17935.0,85373.0,573.0,Employed,1.0,12.0,Semi-Urban,0
101175,Male,29.0,59672.0,186594.0,809.0,Self-Employed,2.0,36.0,Semi-Urban,1
101176,Female,27.0,23443.0,130177.0,575.0,Employed,0.0,60.0,Urban,0
101177,Male,29.0,34534.0,208702.0,660.0,Employed,0.0,24.0,Urban,1
101178,Male,39.0,22358.0,156512.0,526.0,Unemployed,0.0,12.0,Rural,0
101179,Male,24.0,17677.0,87802.0,614.0,Self-Employed,2.0,48.0,Urban,1
101180,Male,37.0,41793.0,240836.0,763.0,Self-Employed,1.0,36.0,Semi-Urban,1
101181,Female,55.0,77614.0,241456.0,850.0,Self-Employed,5.0,12.0,Semi-Urban,1
101182,Male,51.0,44751.0,253330.0,688.0,Employed,0.0,24.0,Rural,1
101183,Male,46.0,44054.0,139905.0,639.0,Self-Employed,2.0,36.0,Urban,1
101184,Male,56.0,58366.0,411310.0,850.0,Employed,1.0,48.0,Urban,1
101185,Male,52.0,49088.0,324931.0,739.0,Unemployed,0.0,36.0,Rural,1
101186,Female,47.0,75314.0,367629.0,850.0,Self-Employed,2.0,36.0,Semi-Urban,1
101187,Male,55.0,59645.0,300650.0,758.0,Employed,3.0,48.0,Semi-Urban,1
101188,Female,25.0,30128.0,102219.0,652.0,Employed,2.0,24.0,Urban,1
101189,Male,53.0,61831.0,194859.0,745.0,Employed,1.0,48.0,Urban,1
101190,Female,32.0,16264.0,86674.0,587.0,Employed,1.0,36.0,Rural,0
101191,Male,50.0,38340.0,83064.0,751.0,Employed,0.0,36.0,Semi-Urban,1
101192,Male,57.0,53593.0,96004.0,834.0,Self-Employed,2.0,36.0,Rural,1
101193,Female,40.0,22914.0,161699.0,628.0,Employed,0.0,48.0,Rural,1
101194,Female,24.0,39846.0,142471.0,592.0,Self-Employed,0.0,60.0,Semi-Urban,1
101195,Female,35.0,36881.0,137652.0,677.0,Employed,1.0,24.0,Semi-Urban,0
101196,Male,37.0,36554.0,110373.0,782.0,Employed,1.0,24.0,Semi-Urban,1
101197,Male,58.0,27587.0,118749.0,567.0,Employed,3.0,36.0,Rural,1
101198,,58.0,92366.0,366843.0,850.0,Self-Employed,3.0,36.0,Semi-Urban,1
101199,Male,43.0,31469.0,170041.0,714.0,Employed,0.0,24.0,Urban,1
101200,Female,59.0,84422.0,406654.0,850.0,Employed,1.0,60.0,Rural,1
101201,Male,38.0,19309.0,45933.0,705.0,Employed,2.0,48.0,Semi-Urban,1
101202,Male,37.0,34851.0,152083.0,600.0,Self-Employed,0.0,36.0,Rural,0
101203,Female,54.0,27866.0,37427.0,562.0,Employed,3.0,36.0,Urban,1
101204,Female,47.0,50945.0,303145.0,812.0,Employed,4.0,12.0,Semi-Urban,1
101205,Male,41.0,35785.0,110335.0,580.0,Self-Employed,2.0,36.0,Semi-Urban,0
101206,Male,39.0,33924.0,117267.0,624.0,Self-Employed,1.0,36.0,,0
101207,Female,49.0,32330.0,127083.0,638.0,Employed,2.0,60.0,Urban,1
101208,Male,51.0,60328.0,114246.0,850.0,Employed,0.0,36.0,Urban,1
101209,Male,40.0,47438.0,205902.0,759.0,Employed,1.0,24.0,Semi-Urban,1
101210,Male,22.0,40844.0,163704.0,714.0,Employed,1.0,24.0,Rural,1
101211,Female,25.0,23172.0,134026.0,553.0,Self-Employed,2.0,24.0,Urban,0
101212,Female,26.0,26126.0,53467.0,674.0,Employed,2.0,60.0,Urban,1
101213,Male,39.0,22328.0,129456.0,807.0,Employed,0.0,48.0,Semi-Urban,1
101214,,45.0,40380.0,225276.0,724.0,Employed,1.0,48.0,Urban,0
101215,Male,53.0,46974.0,148666.0,728.0,Employed,1.0,48.0,Urban,1
101216,Male,30.0,33473.0,135758.0,576.0,Employed,0.0,12.0,Semi-Urban,1
101217,Male,52.0,73304.0,455742.0,819.0,Self-Employed,2.0,48.0,Semi-Urban,1
101218,Male,47.0,58493.0,298843.0,775.0,Employed,2.0,48.0,Urban,1
101219,Female,23.0,7000.0,36067.0,446.0,Unemployed,0.0,24.0,Urban,0
101220,Male,35.0,54382.0,278557.0,748.0,Self-Employed,1.0,36.0,Rural,0
101221,Male,33.0,30671.0,153793.0,730.0,Employed,1.0,48.0,Semi-Urban,1
101222,Male,56.0,52605.0,357555.0,823.0,Employed,0.0,60.0,Semi-Urban,1
101223,Female,57.0,49098.0,178890.0,726.0,Employed,0.0,24.0,Urban,0
101224,Female,53.0,46481.0,217884.0,653.0,Employed,0.0,60.0,Rural,1
101225,Male,42.0,62008.0,335908.0,850.0,Employed,1.0,60.0,Rural,1
101226,Female,40.0,51589.0,301889.0,731.0,Self-Employed,1.0,60.0,Urban,1
101227,Male,33.0,33295.0,225807.0,552.0,Employed,2.0,12.0,Semi-Urban,1
101228,Male,51.0,47853.0,161292.0,767.0,Employed,1.0,24.0,Semi-Urban,1
101229,Female,24.0,50652.0,295495.0,799.0,Employed,1.0,48.0,Urban,1
101230,Male,31.0,44660.0,125527.0,576.0,Employed,1.0,36.0,Semi-Urban,0
101231,Male,26.0,7000.0,36550.0,430.0,Unemployed,2.0,12.0,,0
101232,Female,40.0,35617.0,195234.0,653.0,Employed,0.0,48.0,Semi-Urban,1
101233,Male,32.0,36529.0,156847.0,690.0,Self-Employed,2.0,12.0,Rural,1
101234,Female,28.0,36450.0,255524.0,621.0,Self-Employed,1.0,36.0,Urban,0
101235,Male,36.0,26085.0,118898.0,561.0,Employed,0.0,60.0,Urban,1
101236,Male,55.0,60666.0,289043.0,839.0,Employed,2.0,36.0,Urban,1
101237,Male,43.0,59625.0,416334.0,767.0,Employed,3.0,60.0,Rural,1
101238,Male,53.0,46436.0,257684.0,734.0,Self-Employed,1.0,36.0,Urban,1
101239,Male,57.0,44062.0,207460.0,645.0,Employed,5.0,36.0,Urban,1
101240,Male,57.0,60802.0,105598.0,710.0,Self-Employed,2.0,24.0,Semi-Urban,1
101241,Female,35.0,37158.0,137134.0,695.0,Self-Employed,0.0,36.0,,1
101242,Male,56.0,89482.0,191399.0,850.0,Self-Employed,3.0,36.0,Semi-Urban,1
101243,Male,57.0,69621.0,278988.0,850.0,Employed,3.0,48.0,Rural,1
101244,Male,59.0,71132.0,305946.0,828.0,Employed,2.0,60.0,Urban,1
101245,Male,35.0,39228.0,195490.0,621.0,Self-Employed,0.0,12.0,Semi-Urban,0
101246,Male,30.0,24464.0,142264.0,672.0,Employed,0.0,12.0,Semi-Urban,0
101247,Female,44.0,34880.0,181044.0,557.0,Self-Employed,0.0,36.0,Urban,1
101248,Male,58.0,68081.0,346144.0,850.0,Employed,0.0,36.0,Rural,1
101249,Female,57.0,63493.0,390830.0,850.0,Employed,1.0,24.0,Semi-Urban,1
101250,Female,43.0,66632.0,187871.0,850.0,Self-Employed,0.0,24.0,Urban,1
101251,Male,26.0,20970.0,149837.0,540.0,Employed,3.0,24.0,Urban,0
101252,Male,37.0,33899.0,43171.0,605.0,Employed,0.0,36.0,Urban,1
101253,Male,49.0,50841.0,217891.0,733.0,Employed,3.0,12.0,Rural,1
101254,Female,43.0,52903.0,329615.0,684.0,Employed,1.0,48.0,Urban,1
101255,Male,34.0,23657.0,44550.0,525.0,Self-Employed,2.0,36.0,Rural,0
101256,Female,34.0,41133.0,148133.0,726.0,Employed,0.0,36.0,Urban,1
101257,Female,23.0,19954.0,154336.0,608.0,Employed,0.0,36.0,Rural,0
101258,Female,32.0,17396.0,36484.0,501.0,Employed,0.0,24.0,Rural,1
101259,Male,47.0,12585.0,33942.0,544.0,Unemployed,2.0,60.0,Urban,0
101260,Female,30.0,26262.0,98195.0,633.0,Employed,1.0,48.0,Urban,1
101261,Male,60.0,69273.0,209786.0,850.0,Unemployed,2.0,60.0,Rural,1
101262,Male,24.0,50396.0,294166.0,758.0,Self-Employed,4.0,36.0,Urban,1
101263,Male,44.0,47565.0,204358.0,784.0,Employed,1.0,36.0,Urban,1
101264,Female,40.0,71444.0,153936.0,850.0,Self-Employed,2.0,24.0,Rural,1
101265,Male,54.0,62785.0,416837.0,849.0,Self-Employed,0.0,36.0,Rural,1
101266,Female,56.0,67940.0,330912.0,768.0,Employed,0.0,36.0,Semi-Urban,1
101267,Male,42.0,35685.0,183416.0,653.0,Employed,2.0,36.0,Rural,0
101268,Female,46.0,48325.0,132685.0,713.0,Self-Employed,1.0,24.0,Semi-Urban,1
101269,Male,48.0,48570.0,100692.0,703.0,Self-Employed,1.0,24.0,Semi-Urban,1
101270,Male,41.0,24274.0,129335.0,606.0,Self-Employed,0.0,12.0,Urban,1
101271,Female,28.0,32145.0,181042.0,650.0,Unemployed,3.0,36.0,Semi-Urban,0
101272,Male,38.0,29000.0,150625.0,644.0,Employed,1.0,36.0,Semi-Urban,1
101273,Male,30.0,27283.0,161815.0,589.0,Self-Employed,2.0,60.0,Semi-Urban,0
101274,Female,39.0,32640.0,146353.0,588.0,Self-Employed,1.0,24.0,Rural,0
101275,Male,45.0,41948.0,178584.0,755.0,Employed,1.0,12.0,Semi-Urban,1
101276,Male,29.0,47962.0,302034.0,747.0,Employed,2.0,24.0,Semi-Urban,1
101277,Male,30.0,53025.0,255133.0,700.0,Employed,0.0,24.0,Semi-Urban,1
101278,Male,53.0,42270.0,249303.0,671.0,Self-Employed,1.0,48.0,Urban,1
101279,Female,36.0,30247.0,176805.0,534.0,Employed,2.0,12.0,Urban,0
101280,Female,28.0,22288.0,111201.0,572.0,Self-Employed,1.0,60.0,Rural,0
101281,Male,49.0,60660.0,419761.0,788.0,Employed,0.0,60.0,Urban,1
101282,Male,49.0,52239.0,326797.0,720.0,Employed,0.0,36.0,Semi-Urban,0
101283,Male,54.0,46661.0,215024.0,808.0,Employed,3.0,60.0,Semi-Urban,1
101284,Female,51.0,51871.0,209573.0,686.0,Employed,4.0,36.0,Rural,1
101285,Female,60.0,64171.0,455092.0,842.0,Self-Employed,5.0,60.0,Semi-Urban,1
101286,Female,43.0,61571.0,402849.0,850.0,Employed,3.0,24.0,Urban,1
101287,Male,32.0,27664.0,106341.0,650.0,Unemployed,0.0,60.0,Urban,1
101288,Male,55.0,63438.0,208508.0,812.0,Employed,1.0,24.0,Semi-Urban,1
101289,Male,31.0,7000.0,20000.0,413.0,Unemployed,4.0,36.0,Urban,0
101290,Male,32.0,29299.0,205793.0,550.0,Employed,0.0,60.0,Semi-Urban,1
101291,Male,54.0,79299.0,535264.0,850.0,Employed,6.0,36.0,Urban,1
101292,Female,56.0,72414.0,414824.0,826.0,Employed,3.0,24.0,Urban,1
101293,Male,34.0,10135.0,67882.0,478.0,Employed,0.0,12.0,Rural,0
101294,Male,50.0,46139.0,315232.0,700.0,Employed,0.0,24.0,Rural,1
101295,Male,57.0,52182.0,111088.0,731.0,Self-Employed,0.0,36.0,Semi-Urban,1
101296,Male,52.0,72633.0,287108.0,850.0,Employed,2.0,36.0,Urban,1
101297,Male,21.0,20931.0,90486.0,510.0,,1.0,36.0,Rural,1
101298,Male,47.0,37386.0,191336.0,632.0,Employed,2.0,48.0,Semi-Urban,0
101299,Female,27.0,25010.0,80276.0,592.0,Employed,0.0,12.0,Rural,0
101300,Male,54.0,32012.0,109494.0,614.0,Self-Employed,4.0,48.0,Urban,0
101301,Male,23.0,7180.0,38017.0,603.0,Employed,1.0,36.0,Urban,0
101302,Male,60.0,70337.0,364465.0,850.0,Self-Employed,2.0,48.0,Semi-Urban,1
101303,Female,28.0,26848.0,68829.0,497.0,Unemployed,1.0,48.0,Rural,0
101304,Male,37.0,12304.0,72320.0,553.0,Employed,0.0,60.0,Urban,0
101305,Female,30.0,23326.0,83526.0,621.0,Employed,0.0,12.0,Urban,1
101306,Female,53.0,65316.0,255057.0,818.0,Employed,1.0,36.0,Semi-Urban,1
101307,Female,36.0,17083.0,49662.0,490.0,Employed,1.0,60.0,Rural,1
101308,Female,50.0,52650.0,265821.0,850.0,Employed,1.0,48.0,Semi-Urban,1
101309,Male,23.0,11992.0,20000.0,444.0,Unemployed,2.0,12.0,Rural,0
101310,Female,39.0,67373.0,262923.0,850.0,Self-Employed,0.0,36.0,Semi-Urban,1
101311,Male,57.0,54838.0,355201.0,777.0,Employed,0.0,48.0,Rural,1
101312,Female,58.0,65641.0,188653.0,844.0,Self-Employed,1.0,24.0,Semi-Urban,1
101313,Male,29.0,37060.0,197998.0,761.0,Employed,2.0,36.0,Urban,1
101314,Male,36.0,27584.0,109511.0,631.0,Self-Employed,1.0,48.0,Semi-Urban,1
101315,Male,37.0,32949.0,179570.0,614.0,Employed,0.0,36.0,Semi-Urban,0
101316,Female,43.0,36731.0,52746.0,727.0,Employed,0.0,24.0,Semi-Urban,1
101317,Male,42.0,30433.0,148720.0,571.0,Unemployed,0.0,36.0,Urban,0
101318,Male,25.0,41581.0,229114.0,687.0,Self-Employed,0.0,36.0,Semi-Urban,1
101319,Female,51.0,66650.0,367661.0,746.0,Self-Employed,3.0,36.0,Rural,1
101320,Female,30.0,18916.0,108915.0,510.0,Employed,2.0,48.0,Urban,0
101321,Male,33.0,41840.0,85501.0,682.0,Self-Employed,1.0,36.0,Rural,1
101322,Male,54.0,72185.0,271426.0,850.0,Employed,3.0,60.0,Urban,1
101323,Male,48.0,37724.0,221170.0,578.0,Employed,1.0,48.0,Urban,1
101324,Female,36.0,36242.0,289057.0,,Employed,0.0,48.0,Urban,1
101325,Male,57.0,55282.0,267233.0,724.0,Employed,1.0,36.0,Semi-Urban,1
101326,Female,36.0,33744.0,189441.0,720.0,Employed,0.0,24.0,Urban,1
101327,Male,43.0,22632.0,125733.0,568.0,Employed,0.0,48.0,Semi-Urban,0
101328,Male,30.0,53829.0,317445.0,684.0,Self-Employed,4.0,12.0,Semi-Urban,1
101329,Male,28.0,25408.0,181119.0,592.0,Self-Employed,1.0,36.0,Semi-Urban,0
101330,Male,40.0,42213.0,249890.0,621.0,Unemployed,1.0,12.0,Rural,0
101331,Female,43.0,34743.0,134195.0,724.0,Employed,3.0,36.0,Rural,0
101332,Male,53.0,36694.0,175731.0,641.0,Unemployed,0.0,48.0,Urban,1
101333,Male,36.0,49057.0,205457.0,726.0,Employed,1.0,36.0,Urban,1
101334,Female,56.0,68427.0,178437.0,850.0,Employed,0.0,36.0,Urban,1
101335,Female,45.0,55904.0,320941.0,702.0,Self-Employed,3.0,24.0,Semi-Urban,1
101336,Female,23.0,29334.0,154078.0,554.0,Employed,1.0,36.0,Urban,0
101337,Male,50.0,46437.0,113456.0,742.0,Employed,0.0,36.0,,1
101338,Female,43.0,42100.0,222200.0,635.0,Employed,2.0,60.0,Semi-Urban,1
101339,Female,36.0,26561.0,70033.0,549.0,Employed,1.0,60.0,Semi-Urban,0
101340,Male,39.0,57649.0,137887.0,813.0,Self-Employed,1.0,60.0,Urban,1
101341,Male,33.0,22879.0,102526.0,618.0,Employed,2.0,24.0,Urban,1
101342,Female,45.0,62222.0,353406.0,738.0,Employed,2.0,24.0,Urban,1
101343,Male,43.0,38410.0,203618.0,641.0,Employed,0.0,36.0,Rural,1
101344,Male,38.0,36946.0,43612.0,617.0,Employed,2.0,36.0,Semi-Urban,0
101345,Female,32.0,48205.0,289790.0,812.0,Self-Employed,2.0,48.0,Semi-Urban,1
101346,Female,36.0,25786.0,50611.0,630.0,Unemployed,0.0,48.0,Semi-Urban,0
101347,Male,40.0,44325.0,304261.0,670.0,Self-Employed,0.0,36.0,Semi-Urban,1
101348,Male,39.0,46440.0,136130.0,736.0,Self-Employed,2.0,36.0,Urban,1
101349,Male,33.0,41926.0,294996.0,620.0,Employed,2.0,60.0,Urban,0
101350,Male,44.0,44346.0,88236.0,656.0,Self-Employed,1.0,24.0,Urban,0
101351,Female,30.0,26385.0,55742.0,614.0,Employed,3.0,48.0,Urban,1
101352,Female,41.0,40123.0,156417.0,709.0,Employed,1.0,48.0,Urban,1
101353,Male,25.0,41775.0,235292.0,673.0,Self-Employed,1.0,24.0,Semi-Urban,1
101354,Male,39.0,36602.0,256161.0,679.0,Employed,2.0,60.0,Urban,1
101355,Female,52.0,82800.0,385654.0,850.0,Self-Employed,2.0,60.0,Urban,1
101356,Male,53.0,60322.0,226858.0,773.0,Self-Employed,2.0,48.0,,1
101357,Male,48.0,35848.0,61896.0,620.0,Unemployed,1.0,24.0,Urban,0
101358,Male,50.0,47848.0,216113.0,704.0,Employed,3.0,24.0,Urban,1
101359,Female,23.0,7000.0,20000.0,513.0,Employed,3.0,48.0,Urban,0
101360,Male,34.0,28859.0,200408.0,630.0,Self-Employed,0.0,24.0,Urban,1
101361,Female,47.0,40232.0,193589.0,696.0,Employed,0.0,24.0,Rural,1
101362,Male,53.0,66830.0,409360.0,768.0,Employed,2.0,36.0,Urban,1
101363,Female,44.0,51902.0,323886.0,680.0,Self-Employed,0.0,12.0,Urban,1
101364,Male,55.0,40584.0,110700.0,684.0,Unemployed,1.0,48.0,Semi-Urban,1
101365,Male,31.0,52718.0,217427.0,820.0,Self-Employed,1.0,36.0,Urban,1
101366,Male,27.0,43214.0,235976.0,710.0,Employed,0.0,12.0,Semi-Urban,1
101367,Male,24.0,36365.0,144508.0,641.0,Employed,2.0,36.0,Urban,1
101368,Male,44.0,33063.0,150171.0,658.0,Employed,1.0,12.0,Rural,1
101369,Male,47.0,40657.0,232827.0,625.0,Employed,2.0,12.0,Rural,0
101370,Male,32.0,51865.0,149862.0,822.0,Employed,1.0,36.0,Semi-Urban,1
101371,Male,52.0,54994.0,359348.0,777.0,Employed,1.0,36.0,Urban,1
101372,Female,50.0,46688.0,157727.0,684.0,Employed,1.0,36.0,Semi-Urban,1
101373,Male,35.0,42020.0,190867.0,686.0,Employed,1.0,36.0,Urban,1
101374,Female,30.0,39988.0,184262.0,655.0,Employed,1.0,36.0,Semi-Urban,1
101375,Female,50.0,43043.0,159462.0,773.0,Employed,1.0,36.0,Urban,1
101376,Male,47.0,49233.0,106019.0,724.0,Employed,0.0,36.0,Semi-Urban,1
101377,Female,27.0,44719.0,74872.0,704.0,Self-Employed,1.0,48.0,Urban,1
101378,Female,31.0,15077.0,42627.0,577.0,Employed,1.0,36.0,Semi-Urban,0
101379,Female,40.0,48048.0,171621.0,673.0,Self-Employed,3.0,24.0,Urban,1
101380,Male,41.0,26627.0,110548.0,620.0,Employed,1.0,48.0,Urban,0
101381,Male,27.0,12797.0,42368.0,548.0,Employed,2.0,48.0,Semi-Urban,0
101382,Male,58.0,51943.0,181211.0,665.0,Employed,1.0,12.0,Semi-Urban,1
101383,Male,36.0,40225.0,143646.0,699.0,Employed,2.0,36.0,Urban,0
101384,Female,36.0,30636.0,154362.0,629.0,Employed,3.0,48.0,Urban,1
101385,Female,23.0,21419.0,34779.0,573.0,Self-Employed,2.0,24.0,Rural,1
101386,Male,56.0,48119.0,123282.0,706.0,Unemployed,1.0,60.0,Semi-Urban,0
101387,Female,30.0,14136.0,82194.0,554.0,Employed,2.0,36.0,Semi-Urban,1
101388,Male,60.0,66046.0,399521.0,850.0,Employed,1.0,48.0,Semi-Urban,1
101389,Female,40.0,61477.0,377429.0,723.0,Self-Employed,3.0,60.0,Semi-Urban,1
101390,Male,55.0,54450.0,210816.0,745.0,Employed,0.0,60.0,Semi-Urban,1
101391,Female,28.0,23268.0,168354.0,628.0,Employed,2.0,36.0,Urban,0
101392,Female,27.0,38081.0,258496.0,685.0,Self-Employed,1.0,48.0,Semi-Urban,1
101393,Male,53.0,28858.0,148814.0,647.0,Employed,1.0,24.0,Semi-Urban,0
101394,Male,53.0,68642.0,203109.0,850.0,Self-Employed,1.0,24.0,Urban,1
101395,Female,42.0,78323.0,255934.0,850.0,Employed,1.0,60.0,Semi-Urban,1
101396,Male,22.0,17628.0,54224.0,622.0,Employed,2.0,36.0,Urban,1
101397,Male,58.0,57270.0,184331.0,763.0,Employed,2.0,48.0,Urban,1
101398,Female,36.0,52423.0,242030.0,683.0,Self-Employed,0.0,12.0,Rural,1
101399,Male,58.0,78444.0,264671.0,850.0,Employed,3.0,24.0,Rural,1
101400,Male,55.0,76100.0,207121.0,850.0,Self-Employed,3.0,24.0,Urban,1
101401,Male,55.0,38533.0,130018.0,683.0,Self-Employed,1.0,36.0,Semi-Urban,0
101402,Male,48.0,63461.0,195069.0,821.0,Self-Employed,3.0,12.0,Urban,1
101403,Female,47.0,77463.0,301157.0,850.0,Employed,2.0,36.0,Semi-Urban,1
101404,Male,42.0,48569.0,149777.0,711.0,Employed,0.0,60.0,Semi-Urban,1
101405,Male,21.0,7000.0,36692.0,491.0,Employed,0.0,48.0,Semi-Urban,0
101406,Male,36.0,37882.0,138267.0,712.0,Employed,0.0,48.0,Urban,1
101407,Female,50.0,25532.0,81151.0,625.0,Unemployed,1.0,24.0,Urban,0
101408,Male,53.0,67994.0,438503.0,784.0,Employed,0.0,36.0,Rural,1
101409,Female,43.0,39729.0,278336.0,709.0,Self-Employed,1.0,48.0,Urban,1
101410,Female,49.0,49691.0,246843.0,702.0,Employed,0.0,12.0,Urban,1
101411,Female,21.0,7707.0,34220.0,530.0,Employed,0.0,36.0,Urban,1
101412,,39.0,31243.0,177260.0,625.0,Employed,0.0,60.0,Semi-Urban,1
101413,Female,41.0,66834.0,406073.0,850.0,Self-Employed,3.0,12.0,Urban,1
101414,Female,56.0,57741.0,254401.0,759.0,Employed,2.0,60.0,Semi-Urban,1
101415,Male,33.0,24490.0,96348.0,608.0,Employed,1.0,24.0,Urban,1
101416,Female,30.0,23157.0,162183.0,609.0,Self-Employed,1.0,24.0,Semi-Urban,0
101417,Male,35.0,10940.0,20000.0,474.0,Employed,0.0,24.0,Rural,0
101418,Male,27.0,9585.0,94907.0,511.0,Employed,1.0,60.0,Urban,0
101419,Female,43.0,43544.0,74099.0,689.0,Employed,2.0,36.0,Semi-Urban,1
101420,Female,46.0,57263.0,120759.0,752.0,Employed,0.0,48.0,Semi-Urban,1
101421,Female,53.0,46476.0,321196.0,696.0,Employed,1.0,36.0,Urban,0
101422,Male,59.0,78647.0,442887.0,850.0,Employed,4.0,60.0,Semi-Urban,1
101423,Male,23.0,11590.0,48520.0,493.0,Employed,2.0,36.0,Rural,0
101424,Male,30.0,25044.0,151459.0,632.0,Employed,0.0,36.0,Rural,0
101425,Male,33.0,18245.0,93990.0,580.0,Employed,0.0,48.0,Rural,0
101426,Male,30.0,39789.0,177513.0,606.0,Employed,2.0,48.0,Semi-Urban,1
101427,Male,54.0,79470.0,559754.0,850.0,Employed,3.0,48.0,Semi-Urban,1
101428,Male,26.0,7000.0,27012.0,423.0,Employed,0.0,24.0,Urban,1
101429,Female,22.0,14946.0,20000.0,579.0,Employed,3.0,60.0,Rural,0
101430,Male,55.0,70577.0,446305.0,826.0,Employed,4.0,24.0,Semi-Urban,1
101431,Female,59.0,42437.0,159814.0,698.0,,3.0,60.0,Urban,1
101432,Female,30.0,25700.0,139124.0,508.0,Unemployed,2.0,36.0,Rural,0
101433,Male,34.0,55958.0,160698.0,764.0,Self-Employed,1.0,24.0,Semi-Urban,1
101434,Male,41.0,40939.0,158853.0,740.0,Employed,0.0,36.0,Rural,1
101435,Male,42.0,47703.0,153577.0,682.0,Employed,1.0,36.0,Semi-Urban,1
101436,Female,60.0,82031.0,427233.0,850.0,Employed,1.0,36.0,Rural,1
101437,Male,37.0,67981.0,412077.0,849.0,Self-Employed,2.0,48.0,Semi-Urban,0
101438,Male,21.0,17256.0,67495.0,584.0,Employed,1.0,48.0,Semi-Urban,1
101439,Female,37.0,29211.0,81809.0,490.0,Employed,1.0,24.0,Semi-Urban,0
101440,Female,43.0,31160.0,110000.0,746.0,Employed,1.0,36.0,Urban,1
101441,Male,41.0,51724.0,226430.0,778.0,Employed,1.0,48.0,Urban,1
101442,Male,41.0,23539.0,71918.0,631.0,Employed,1.0,60.0,Rural,1
101443,Male,57.0,63569.0,327028.0,792.0,Self-Employed,0.0,36.0,Rural,1
101444,Male,53.0,45432.0,134294.0,587.0,Unemployed,0.0,60.0,Rural,0
101445,Male,31.0,22964.0,73044.0,626.0,Employed,1.0,12.0,Urban,1
101446,Male,35.0,36758.0,185600.0,635.0,Employed,0.0,48.0,Urban,1
101447,Female,47.0,77374.0,269735.0,850.0,Employed,1.0,48.0,,1
101448,Male,37.0,34141.0,175729.0,639.0,Employed,3.0,36.0,Urban,1
101449,Female,38.0,31475.0,127182.0,650.0,Employed,2.0,12.0,Semi-Urban,1
101450,Male,27.0,36784.0,113462.0,623.0,Employed,2.0,48.0,Urban,1
101451,Female,31.0,40875.0,64406.0,721.0,Self-Employed,1.0,36.0,Rural,1
101452,Female,50.0,58172.0,142656.0,694.0,Unemployed,3.0,24.0,Semi-Urban,0
101453,Female,54.0,65276.0,347190.0,850.0,Self-Employed,2.0,24.0,Urban,1
101454,,52.0,58119.0,164136.0,850.0,Self-Employed,4.0,48.0,Semi-Urban,0
101455,Male,33.0,9795.0,90475.0,606.0,Employed,0.0,24.0,Urban,0
101456,Male,26.0,7000.0,22540.0,571.0,Employed,0.0,36.0,Semi-Urban,1
101457,Male,27.0,7000.0,31337.0,496.0,Employed,0.0,60.0,Semi-Urban,0
101458,Male,36.0,39052.0,204668.0,743.0,Employed,2.0,48.0,Semi-Urban,1
101459,Female,41.0,23653.0,108475.0,588.0,Employed,1.0,36.0,Urban,1
101460,Male,56.0,80567.0,304096.0,809.0,Self-Employed,2.0,36.0,Urban,1
101461,Female,56.0,56863.0,121398.0,850.0,Employed,1.0,24.0,Urban,1
101462,Male,21.0,15070.0,123887.0,607.0,Employed,2.0,36.0,Rural,0
101463,Male,49.0,38674.0,177331.0,675.0,Employed,2.0,24.0,Urban,1
101464,Male,32.0,28567.0,173167.0,528.0,Unemployed,2.0,12.0,Semi-Urban,0
101465,Female,28.0,16046.0,78814.0,519.0,Employed,2.0,24.0,Urban,1
101466,Female,43.0,30375.0,133513.0,530.0,Employed,0.0,36.0,Rural,0
101467,Male,22.0,33360.0,162996.0,699.0,Employed,1.0,24.0,Semi-Urban,1
101468,Male,34.0,45555.0,149540.0,612.0,Self-Employed,0.0,24.0,Urban,0
101469,Female,43.0,30381.0,200437.0,621.0,Unemployed,1.0,60.0,Semi-Urban,0
101470,Male,31.0,36697.0,80326.0,619.0,Employed,0.0,24.0,Semi-Urban,1
101471,Female,44.0,34407.0,244988.0,549.0,Unemployed,1.0,48.0,Semi-Urban,0
101472,Male,39.0,42396.0,66575.0,710.0,Employed,2.0,36.0,Rural,1
101473,Male,52.0,51298.0,239274.0,713.0,Self-Employed,0.0,36.0,Semi-Urban,0
101474,Male,28.0,50545.0,187913.0,789.0,Employed,1.0,12.0,Rural,1
101475,Male,23.0,13245.0,20000.0,466.0,Employed,2.0,12.0,Semi-Urban,1
101476,Male,42.0,68772.0,216098.0,787.0,Self-Employed,2.0,48.0,Urban,1
101477,Male,31.0,26734.0,135905.0,479.0,,2.0,36.0,Semi-Urban,0
101478,Female,49.0,58485.0,379260.0,666.0,Employed,0.0,12.0,Semi-Urban,1
101479,Male,24.0,39111.0,200075.0,763.0,Self-Employed,0.0,36.0,Urban,1
101480,Male,44.0,48062.0,141261.0,818.0,Unemployed,1.0,36.0,Semi-Urban,1
101481,Male,60.0,50813.0,297734.0,749.0,Employed,2.0,24.0,Urban,1
101482,Male,24.0,43208.0,187343.0,641.0,Self-Employed,1.0,36.0,Urban,1
101483,Female,33.0,62357.0,116632.0,777.0,Self-Employed,2.0,36.0,Rural,1
101484,Male,54.0,51196.0,277554.0,794.0,Employed,2.0,36.0,Urban,1
101485,Female,42.0,50516.0,299949.0,699.0,Self-Employed,1.0,48.0,Rural,1
101486,Male,27.0,18319.0,90260.0,577.0,Employed,4.0,36.0,Urban,0
101487,Female,29.0,31643.0,166555.0,622.0,Self-Employed,1.0,60.0,Semi-Urban,1
101488,Male,51.0,71537.0,418759.0,828.0,Employed,2.0,36.0,Rural,1
101489,Female,55.0,43349.0,204068.0,674.0,Employed,0.0,36.0,Semi-Urban,1
101490,Male,35.0,22095.0,90386.0,601.0,Employed,0.0,48.0,Rural,0
101491,Male,39.0,57131.0,296118.0,725.0,Employed,0.0,36.0,Urban,1
101492,Female,52.0,68595.0,244910.0,850.0,,0.0,12.0,Urban,1
101493,Female,28.0,42144.0,162283.0,645.0,Unemployed,0.0,60.0,Semi-Urban,1
101494,Female,29.0,21395.0,58027.0,588.0,Employed,2.0,60.0,Semi-Urban,1
101495,Male,51.0,52515.0,351289.0,830.0,Employed,2.0,24.0,Semi-Urban,1
101496,Female,28.0,17772.0,37109.0,551.0,Employed,1.0,36.0,Semi-Urban,1
101497,Female,51.0,52720.0,192585.0,805.0,Employed,1.0,48.0,Urban,1
101498,Female,40.0,17611.0,29810.0,461.0,Employed,3.0,60.0,Urban,1
101499,Male,60.0,78119.0,153710.0,850.0,Self-Employed,3.0,36.0,Rural,1
101500,Female,22.0,31982.0,202338.0,626.0,Self-Employed,0.0,12.0,Semi-Urban,0
101501,Female,58.0,58009.0,257862.0,850.0,Employed,1.0,48.0,Semi-Urban,1
101502,Female,30.0,,141246.0,483.0,Employed,1.0,12.0,Semi-Urban,0
101503,Male,22.0,8363.0,50782.0,503.0,Employed,3.0,48.0,Rural,0
101504,Male,49.0,57533.0,189036.0,850.0,Employed,2.0,36.0,Rural,1
101505,Female,42.0,27047.0,161435.0,569.0,Employed,1.0,36.0,Urban,1
101506,Male,54.0,60443.0,382873.0,786.0,Employed,2.0,24.0,Rural,1
101507,Female,25.0,47293.0,286076.0,743.0,Employed,6.0,36.0,Urban,1
101508,,24.0,39126.0,238161.0,689.0,Employed,1.0,36.0,Urban,0
101509,Male,43.0,33138.0,137294.0,717.0,Self-Employed,0.0,36.0,Rural,1
101510,Female,56.0,50059.0,317488.0,764.0,Employed,0.0,24.0,Urban,1
101511,Male,37.0,40657.0,143176.0,761.0,Employed,1.0,24.0,Urban,1
101512,Male,52.0,51257.0,290707.0,727.0,Employed,0.0,60.0,Semi-Urban,1
101513,Female,57.0,49807.0,166157.0,683.0,Self-Employed,0.0,36.0,Rural,1
101514,Female,55.0,60024.0,304388.0,783.0,Employed,3.0,48.0,Urban,0
101515,Female,41.0,39880.0,229501.0,619.0,Employed,0.0,36.0,Semi-Urban,1
101516,Male,48.0,70672.0,349869.0,850.0,Employed,2.0,48.0,Semi-Urban,1
101517,Male,42.0,38061.0,66016.0,652.0,Employed,3.0,36.0,Urban,0
101518,Female,47.0,60616.0,322694.0,761.0,Employed,0.0,12.0,Semi-Urban,1
101519,Male,43.0,35995.0,232939.0,674.0,Self-Employed,1.0,24.0,Semi-Urban,1
101520,Male,42.0,28764.0,172359.0,559.0,Employed,2.0,12.0,Semi-Urban,0
101521,Male,38.0,45360.0,313732.0,756.0,Employed,0.0,48.0,Semi-Urban,0
101522,Male,47.0,59605.0,388324.0,766.0,Employed,1.0,48.0,Rural,1
101523,Female,51.0,48511.0,314342.0,,Self-Employed,3.0,48.0,Rural,1
101524,Female,57.0,66889.0,242418.0,797.0,Self-Employed,0.0,48.0,Urban,1
101525,Female,45.0,36821.0,101992.0,686.0,Self-Employed,3.0,48.0,Semi-Urban,1
101526,Male,25.0,20225.0,135399.0,584.0,Employed,1.0,60.0,Semi-Urban,0
101527,Male,44.0,62343.0,351488.0,834.0,Self-Employed,2.0,48.0,Urban,1
101528,Male,33.0,34980.0,47558.0,647.0,Self-Employed,1.0,24.0,Semi-Urban,1
101529,Male,22.0,16112.0,42807.0,460.0,Employed,0.0,24.0,Semi-Urban,0
101530,Male,23.0,7000.0,32753.0,556.0,Employed,0.0,36.0,Urban,0
101531,Male,44.0,44520.0,249231.0,689.0,Self-Employed,2.0,48.0,Urban,0
101532,Male,58.0,79797.0,547087.0,850.0,Employed,1.0,36.0,Semi-Urban,1
101533,Male,41.0,49875.0,256000.0,762.0,Self-Employed,0.0,36.0,Urban,1
101534,Female,38.0,24672.0,57082.0,556.0,Employed,0.0,48.0,Rural,1
101535,Male,24.0,17523.0,96317.0,509.0,Employed,1.0,36.0,Urban,0
101536,Male,48.0,28531.0,218448.0,656.0,Employed,0.0,24.0,Semi-Urban,0
101537,Female,23.0,17030.0,76468.0,525.0,Self-Employed,0.0,48.0,Semi-Urban,0
101538,Female,54.0,79624.0,180796.0,850.0,Self-Employed,3.0,36.0,Urban,1
101539,Female,53.0,51490.0,166991.0,738.0,Employed,2.0,24.0,Semi-Urban,1
101540,Male,60.0,83589.0,468168.0,850.0,,3.0,36.0,Urban,1
101541,Female,32.0,28956.0,128298.0,646.0,Employed,3.0,36.0,Urban,1
101542,Male,27.0,24168.0,42818.0,612.0,Employed,2.0,36.0,Semi-Urban,1
101543,Male,32.0,28791.0,94360.0,576.0,Unemployed,0.0,24.0,Urban,0
101544,Male,52.0,20029.0,142069.0,586.0,Employed,0.0,36.0,Rural,0
101545,Male,29.0,29259.0,72119.0,690.0,Employed,2.0,48.0,Semi-Urban,1
101546,Male,56.0,55912.0,203684.0,769.0,Employed,2.0,12.0,Urban,1
101547,Male,27.0,33432.0,79780.0,652.0,Unemployed,0.0,36.0,Urban,0
101548,Female,22.0,30676.0,106751.0,,Employed,0.0,36.0,Rural,1
101549,Male,29.0,22196.0,122459.0,577.0,Self-Employed,1.0,36.0,Urban,0
101550,Male,51.0,65906.0,384125.0,850.0,Employed,0.0,36.0,Semi-Urban,1
101551,Male,45.0,41252.0,154675.0,757.0,Employed,2.0,36.0,Urban,1
101552,Male,35.0,31547.0,167819.0,626.0,Self-Employed,3.0,36.0,Rural,1
101553,Male,47.0,48965.0,177658.0,745.0,Employed,0.0,48.0,Urban,1
101554,Male,46.0,52067.0,323820.0,697.0,Self-Employed,0.0,36.0,Semi-Urban,1
101555,Male,43.0,60662.0,123138.0,789.0,Employed,0.0,60.0,Semi-Urban,1
101556,Female,41.0,53087.0,201136.0,759.0,,2.0,36.0,Urban,1
101557,Female,25.0,33868.0,223006.0,682.0,Self-Employed,1.0,48.0,Semi-Urban,1
101558,Male,31.0,48808.0,334615.0,759.0,Self-Employed,0.0,36.0,Urban,1
101559,Female,42.0,54214.0,297633.0,702.0,Employed,0.0,48.0,Urban,1
101560,Female,26.0,41903.0,184758.0,733.0,Self-Employed,1.0,60.0,Urban,0
101561,Female,40.0,46934.0,317032.0,693.0,Unemployed,1.0,36.0,Semi-Urban,0
101562,Female,25.0,29704.0,174131.0,572.0,Employed,1.0,36.0,Rural,0
101563,Female,52.0,54112.0,153139.0,836.0,Employed,1.0,60.0,Urban,1
101564,Female,25.0,46270.0,207347.0,784.0,Self-Employed,1.0,60.0,Rural,1
101565,Female,24.0,20209.0,133879.0,588.0,Employed,0.0,60.0,Rural,0
101566,Male,46.0,54899.0,314376.0,791.0,Self-Employed,1.0,24.0,Urban,1
101567,Male,29.0,,369042.0,803.0,Self-Employed,1.0,12.0,Urban,1
101568,Male,35.0,52863.0,257462.0,832.0,Employed,1.0,36.0,Urban,1
101569,Male,33.0,31102.0,59643.0,674.0,Employed,3.0,48.0,Urban,1
101570,Male,29.0,21357.0,64731.0,507.0,Employed,1.0,12.0,Semi-Urban,0
101571,Male,51.0,68558.0,418760.0,850.0,,1.0,36.0,Semi-Urban,1
101572,Male,48.0,66305.0,144065.0,850.0,Self-Employed,2.0,36.0,Urban,1
101573,Male,30.0,31687.0,241355.0,610.0,Employed,0.0,24.0,Semi-Urban,0
101574,Female,48.0,43838.0,106108.0,649.0,Employed,1.0,48.0,Urban,1
101575,Male,49.0,61780.0,221101.0,818.0,Self-Employed,1.0,24.0,Rural,1
101576,Male,42.0,40839.0,213484.0,673.0,Employed,2.0,48.0,Semi-Urban,0
101577,Female,44.0,44328.0,220144.0,711.0,Self-Employed,0.0,36.0,Urban,1
101578,Female,58.0,60249.0,381071.0,837.0,Employed,1.0,36.0,Semi-Urban,1
101579,Female,39.0,40985.0,113726.0,658.0,Employed,0.0,36.0,Urban,1
101580,Female,36.0,29995.0,128115.0,567.0,Employed,0.0,24.0,Rural,1
101581,Female,42.0,60946.0,306086.0,806.0,Self-Employed,1.0,36.0,Urban,1
101582,Male,54.0,78766.0,483709.0,850.0,Self-Employed,3.0,48.0,Rural,1
101583,Male,49.0,69439.0,181063.0,840.0,Self-Employed,1.0,36.0,Rural,1
101584,Male,24.0,8985.0,20000.0,413.0,Unemployed,3.0,12.0,Semi-Urban,0
101585,Female,39.0,55870.0,286947.0,743.0,Self-Employed,1.0,48.0,Semi-Urban,1
101586,Female,50.0,59836.0,396775.0,818.0,Self-Employed,1.0,24.0,,1
101587,Male,29.0,11971.0,20000.0,561.0,Employed,2.0,36.0,Urban,0
101588,Male,60.0,59973.0,365111.0,726.0,Unemployed,1.0,36.0,Rural,1
101589,Male,53.0,63954.0,270816.0,738.0,Self-Employed,0.0,36.0,Semi-Urban,1
101590,Male,54.0,94423.0,450000.0,850.0,Self-Employed,3.0,12.0,Rural,1
101591,Male,24.0,38787.0,244126.0,708.0,Employed,1.0,24.0,Semi-Urban,1
101592,Male,44.0,51834.0,373247.0,772.0,Employed,1.0,12.0,Urban,1
101593,Female,42.0,53090.0,326762.0,713.0,Self-Employed,4.0,36.0,Urban,1
101594,Male,46.0,47465.0,297550.0,742.0,Employed,3.0,36.0,Urban,1
101595,Female,55.0,43356.0,289789.0,785.0,Employed,1.0,48.0,Urban,1
101596,Female,35.0,7000.0,39778.0,487.0,Unemployed,3.0,12.0,Semi-Urban,0
101597,Male,42.0,30629.0,117431.0,542.0,Employed,0.0,24.0,Urban,1
101598,Male,48.0,47127.0,331303.0,735.0,Employed,3.0,48.0,Rural,1
101599,Female,51.0,25734.0,139346.0,717.0,Employed,2.0,36.0,Urban,1
101600,Male,51.0,44468.0,67505.0,638.0,Employed,0.0,48.0,Semi-Urban,1
101601,Female,34.0,38329.0,225292.0,661.0,Self-Employed,1.0,24.0,Urban,0
101602,Male,60.0,49315.0,297607.0,698.0,Unemployed,2.0,24.0,Urban,0
101603,Female,21.0,7000.0,48416.0,481.0,Unemployed,0.0,36.0,Semi-Urban,0
101604,Female,40.0,43802.0,230154.0,701.0,Self-Employed,4.0,36.0,Urban,0
101605,Male,45.0,74087.0,196674.0,850.0,Self-Employed,3.0,36.0,Semi-Urban,1
101606,Male,23.0,28146.0,102770.0,623.0,Employed,0.0,12.0,Semi-Urban,1
101607,Female,39.0,40076.0,97620.0,740.0,Self-Employed,0.0,12.0,Urban,1
101608,Male,44.0,42480.0,241532.0,691.0,Employed,1.0,48.0,Semi-Urban,1
101609,Male,45.0,44060.0,182092.0,687.0,Employed,3.0,24.0,Urban,1
101610,Male,25.0,7000.0,20000.0,439.0,Unemployed,1.0,48.0,Urban,0
101611,Male,32.0,29870.0,146687.0,513.0,Self-Employed,2.0,24.0,Semi-Urban,0
101612,Female,30.0,40026.0,152185.0,699.0,Employed,1.0,36.0,Urban,1
101613,Female,46.0,49463.0,237237.0,834.0,Self-Employed,1.0,24.0,Urban,1
101614,Male,34.0,19164.0,96264.0,593.0,Employed,2.0,60.0,Semi-Urban,0
101615,Female,43.0,41682.0,242281.0,731.0,Employed,1.0,12.0,Semi-Urban,1
101616,Male,50.0,51316.0,115167.0,724.0,Employed,1.0,24.0,Rural,1
101617,Male,52.0,28428.0,137454.0,606.0,Employed,1.0,48.0,Rural,0
101618,Male,28.0,25211.0,93720.0,656.0,Employed,1.0,24.0,Semi-Urban,1
101619,Female,57.0,68016.0,239576.0,850.0,Employed,1.0,24.0,Semi-Urban,1
101620,Male,27.0,30015.0,167589.0,710.0,Employed,2.0,24.0,Urban,1
101621,Male,21.0,44758.0,173048.0,755.0,Employed,2.0,48.0,,1
101622,Male,22.0,25113.0,163489.0,578.0,Unemployed,1.0,36.0,Rural,0
101623,Female,29.0,53187.0,163451.0,754.0,Self-Employed,1.0,48.0,Urban,1
101624,Male,55.0,98001.0,579679.0,850.0,Self-Employed,2.0,48.0,Urban,1
101625,Male,29.0,35898.0,121259.0,581.0,Employed,1.0,36.0,Semi-Urban,0
101626,Female,48.0,58657.0,249726.0,,Self-Employed,1.0,24.0,Semi-Urban,0
101627,Male,37.0,56285.0,212494.0,762.0,Self-Employed,1.0,48.0,Semi-Urban,1
101628,Male,22.0,12389.0,104463.0,514.0,Employed,0.0,60.0,Urban,0
101629,Male,38.0,37992.0,74396.0,592.0,Employed,0.0,48.0,Rural,1
101630,Male,22.0,11327.0,79927.0,523.0,Employed,1.0,12.0,Urban,0
101631,Male,40.0,43676.0,229531.0,687.0,Employed,2.0,48.0,Rural,1
101632,Female,43.0,34377.0,269825.0,588.0,Employed,0.0,48.0,Urban,0
101633,Female,41.0,31757.0,194684.0,618.0,Employed,0.0,60.0,Rural,1
101634,Female,32.0,35062.0,179114.0,639.0,Employed,0.0,24.0,Rural,1
101635,Female,51.0,58347.0,369340.0,737.0,Self-Employed,2.0,48.0,Urban,1
101636,Male,44.0,20170.0,44119.0,625.0,Employed,0.0,48.0,Rural,1
101637,Male,31.0,11533.0,49854.0,421.0,Employed,1.0,60.0,Urban,0
101638,Female,38.0,31933.0,92807.0,515.0,Self-Employed,2.0,48.0,Urban,1
101639,Male,25.0,11804.0,104682.0,527.0,Employed,2.0,60.0,Urban,0
101640,Female,57.0,62573.0,144056.0,815.0,Employed,3.0,36.0,Semi-Urban,1
101641,Female,51.0,53627.0,199036.0,782.0,Employed,3.0,24.0,Urban,1
101642,Male,32.0,42883.0,232285.0,670.0,Employed,1.0,36.0,Semi-Urban,1
101643,Male,47.0,55634.0,268388.0,720.0,Employed,0.0,48.0,Rural,1
101644,Male,48.0,60563.0,218007.0,798.0,Employed,1.0,24.0,Rural,1
101645,Male,45.0,51701.0,200248.0,725.0,Employed,1.0,36.0,Urban,1
101646,Male,23.0,13716.0,20000.0,598.0,Unemployed,2.0,60.0,Semi-Urban,1
101647,Male,56.0,60692.0,194036.0,756.0,Unemployed,0.0,60.0,Urban,1
101648,Female,59.0,70833.0,249534.0,850.0,Employed,3.0,48.0,Urban,1
101649,Female,59.0,64313.0,462641.0,850.0,Employed,0.0,48.0,Rural,1
101650,Female,60.0,76153.0,523632.0,850.0,Employed,1.0,24.0,Rural,1
101651,Male,58.0,39551.0,113660.0,697.0,Self-Employed,0.0,36.0,Urban,1
101652,Male,50.0,55414.0,301386.0,790.0,Self-Employed,0.0,36.0,Urban,1
101653,Male,23.0,16531.0,69378.0,594.0,Employed,1.0,48.0,Urban,0
101654,Male,39.0,51632.0,385518.0,764.0,Employed,0.0,24.0,Urban,1
101655,Female,30.0,46757.0,231217.0,732.0,Employed,2.0,24.0,Urban,1
101656,Male,29.0,18398.0,111943.0,554.0,Self-Employed,2.0,48.0,Urban,0
101657,Male,54.0,80234.0,268944.0,850.0,Self-Employed,1.0,36.0,Urban,1
101658,Female,53.0,39143.0,157379.0,697.0,Employed,3.0,48.0,Urban,1
101659,Male,41.0,26305.0,133738.0,719.0,Employed,2.0,36.0,Rural,1
101660,Male,50.0,47089.0,283862.0,790.0,Employed,1.0,48.0,Semi-Urban,1
101661,Male,26.0,28682.0,158526.0,623.0,Self-Employed,0.0,36.0,Semi-Urban,0
101662,Female,29.0,7000.0,20069.0,523.0,Unemployed,2.0,48.0,Urban,0
101663,Female,55.0,63199.0,416186.0,765.0,Employed,1.0,48.0,Rural,1
101664,Male,39.0,45953.0,73323.0,703.0,Employed,1.0,24.0,Urban,0
101665,Female,42.0,53748.0,144314.0,812.0,Employed,1.0,36.0,Rural,1
101666,Female,39.0,32599.0,131326.0,725.0,Employed,1.0,60.0,Urban,1
101667,Female,29.0,35325.0,221065.0,601.0,Self-Employed,2.0,24.0,Rural,0
101668,Male,54.0,53935.0,150459.0,735.0,Employed,0.0,48.0,Urban,1
101669,Male,51.0,80256.0,452244.0,850.0,Self-Employed,2.0,24.0,Rural,1
101670,Female,48.0,13689.0,78151.0,543.0,Employed,2.0,48.0,Urban,0
101671,Male,35.0,21917.0,136062.0,684.0,Employed,2.0,24.0,Rural,1
101672,Female,46.0,45566.0,278364.0,726.0,Employed,0.0,36.0,Semi-Urban,1
101673,Female,59.0,46773.0,124347.0,735.0,Employed,1.0,36.0,Urban,1
101674,Male,46.0,42400.0,126264.0,680.0,Employed,0.0,24.0,Semi-Urban,1
101675,Female,40.0,46387.0,236160.0,756.0,Self-Employed,1.0,36.0,Urban,1
101676,Female,31.0,21108.0,131457.0,654.0,Employed,1.0,60.0,Semi-Urban,1
101677,Female,41.0,40774.0,214254.0,631.0,Employed,1.0,48.0,Urban,1
101678,Male,35.0,40938.0,274732.0,670.0,Employed,1.0,60.0,Semi-Urban,0
101679,Female,45.0,41565.0,52251.0,743.0,Employed,2.0,48.0,Rural,1
101680,Male,22.0,22662.0,72998.0,565.0,Self-Employed,2.0,36.0,Semi-Urban,1
101681,Female,28.0,14711.0,71779.0,491.0,Unemployed,1.0,36.0,Semi-Urban,0
101682,Female,52.0,52011.0,140551.0,806.0,Employed,3.0,60.0,Rural,1
101683,Female,36.0,22616.0,104090.0,633.0,Self-Employed,1.0,36.0,Semi-Urban,0
101684,Male,38.0,51239.0,364614.0,707.0,Self-Employed,1.0,36.0,Urban,1
101685,Male,42.0,26688.0,55730.0,597.0,Unemployed,0.0,48.0,Semi-Urban,0
101686,Male,38.0,51838.0,382906.0,683.0,Employed,2.0,60.0,Urban,1
101687,Male,51.0,58093.0,131617.0,735.0,Employed,3.0,36.0,Semi-Urban,1
101688,Male,30.0,41941.0,277995.0,702.0,Employed,0.0,24.0,Urban,1
101689,Female,51.0,47868.0,320562.0,714.0,Self-Employed,0.0,36.0,Rural,1
101690,Male,29.0,31343.0,105112.0,568.0,Self-Employed,1.0,48.0,Semi-Urban,0
101691,Female,35.0,18490.0,125531.0,525.0,Employed,3.0,36.0,Semi-Urban,0
101692,Female,44.0,34838.0,210744.0,597.0,Employed,2.0,48.0,Urban,1
101693,Male,56.0,80525.0,293078.0,850.0,Self-Employed,1.0,36.0,Urban,1
101694,Female,30.0,54750.0,199208.0,643.0,Self-Employed,0.0,36.0,Semi-Urban,1
101695,Female,44.0,29522.0,158461.0,570.0,Employed,2.0,36.0,Semi-Urban,0
101696,Male,23.0,23701.0,107282.0,476.0,Self-Employed,0.0,36.0,Rural,0
101697,Male,24.0,20386.0,40252.0,598.0,Employed,1.0,48.0,Semi-Urban,1
101698,Female,51.0,,204730.0,685.0,Employed,0.0,12.0,Urban,1
101699,Female,49.0,27682.0,135951.0,617.0,Employed,0.0,48.0,Semi-Urban,1
101700,Female,36.0,24264.0,41336.0,672.0,Self-Employed,4.0,36.0,Semi-Urban,0
101701,Female,45.0,41276.0,192447.0,758.0,Unemployed,1.0,60.0,Urban,1
101702,Female,36.0,11112.0,42343.0,,Employed,1.0,48.0,Semi-Urban,1
101703,Male,32.0,24738.0,70734.0,616.0,Employed,0.0,24.0,Urban,0
101704,Female,38.0,38645.0,165574.0,622.0,Employed,0.0,60.0,Urban,0
101705,Male,33.0,36188.0,99593.0,597.0,Employed,0.0,36.0,Urban,0
101706,Female,53.0,51499.0,281621.0,742.0,Employed,0.0,36.0,Semi-Urban,1
101707,Male,37.0,31211.0,102734.0,703.0,Employed,1.0,60.0,Semi-Urban,1
101708,Male,33.0,41335.0,187568.0,724.0,Employed,2.0,60.0,Urban,1
101709,Female,42.0,44522.0,167711.0,670.0,Employed,2.0,48.0,Semi-Urban,1
101710,Male,51.0,43236.0,285695.0,741.0,Employed,0.0,60.0,Semi-Urban,1
101711,Female,31.0,38453.0,98004.0,537.0,Self-Employed,1.0,36.0,Urban,1
101712,Male,58.0,63298.0,387295.0,772.0,Employed,1.0,24.0,Urban,1
101713,Female,39.0,58419.0,198736.0,741.0,Employed,3.0,12.0,Urban,1
101714,Female,47.0,47036.0,126255.0,702.0,Unemployed,0.0,36.0,Urban,1
101715,Male,59.0,74375.0,328578.0,850.0,Employed,3.0,36.0,Rural,1
101716,Female,38.0,29373.0,93275.0,617.0,Employed,0.0,36.0,Rural,0
101717,Male,28.0,19410.0,116877.0,560.0,Employed,2.0,36.0,Urban,0
101718,Female,50.0,47075.0,251121.0,724.0,Employed,1.0,12.0,Semi-Urban,1
101719,Female,21.0,16277.0,125862.0,582.0,Employed,0.0,36.0,,1
101720,Female,39.0,25704.0,169049.0,613.0,Employed,2.0,48.0,Urban,0
101721,Male,60.0,76091.0,518663.0,850.0,Employed,2.0,24.0,Urban,1
101722,Male,37.0,46200.0,190951.0,740.0,Employed,0.0,48.0,Urban,1
101723,Female,48.0,44032.0,122563.0,752.0,Employed,1.0,48.0,Urban,0
101724,Male,42.0,48801.0,292893.0,702.0,Employed,0.0,36.0,Urban,1
101725,Male,29.0,29475.0,32735.0,622.0,Employed,1.0,60.0,Urban,1
101726,Male,33.0,39838.0,112311.0,747.0,,2.0,60.0,Semi-Urban,1
101727,Male,41.0,32868.0,89002.0,569.0,Self-Employed,1.0,12.0,Semi-Urban,1
101728,Female,25.0,20652.0,93665.0,676.0,Employed,0.0,48.0,Urban,1
101729,Male,37.0,34904.0,104714.0,582.0,Employed,1.0,24.0,Semi-Urban,0
101730,Male,37.0,43084.0,144646.0,682.0,Employed,3.0,36.0,Urban,1
101731,Female,54.0,46759.0,256626.0,669.0,Employed,0.0,36.0,Rural,0
101732,Male,25.0,7000.0,38804.0,596.0,Unemployed,2.0,48.0,Urban,0
101733,Female,54.0,41320.0,238164.0,664.0,Employed,1.0,48.0,Semi-Urban,1
101734,Male,37.0,34867.0,117071.0,628.0,Employed,0.0,48.0,Urban,0
101735,Female,47.0,38367.0,100230.0,629.0,Unemployed,2.0,48.0,Urban,0
101736,Female,43.0,71405.0,380679.0,849.0,Self-Employed,3.0,36.0,Semi-Urban,1
101737,Female,32.0,46093.0,79916.0,,Self-Employed,0.0,24.0,Semi-Urban,1
101738,Male,58.0,,226964.0,786.0,Employed,3.0,12.0,Rural,1
101739,Male,29.0,26411.0,148041.0,414.0,Employed,3.0,36.0,Semi-Urban,0
101740,Female,22.0,41350.0,241899.0,680.0,Self-Employed,0.0,48.0,Urban,0
101741,Male,51.0,43919.0,106047.0,707.0,Employed,1.0,24.0,Semi-Urban,1
101742,Male,45.0,42717.0,168436.0,756.0,Employed,0.0,36.0,Urban,1
101743,Male,56.0,52429.0,312251.0,810.0,Self-Employed,1.0,24.0,Semi-Urban,1
101744,Female,39.0,54827.0,351506.0,756.0,Employed,3.0,36.0,Rural,0
101745,Female,21.0,22710.0,110216.0,633.0,Employed,3.0,36.0,Urban,0
101746,Female,21.0,9510.0,77904.0,454.0,Employed,0.0,24.0,Semi-Urban,0
101747,Female,38.0,35327.0,218405.0,700.0,Employed,1.0,12.0,Urban,0
101748,Male,30.0,34016.0,100681.0,619.0,Employed,1.0,36.0,Urban,1
101749,Male,57.0,63591.0,336926.0,735.0,Self-Employed,0.0,36.0,Rural,1
101750,Male,25.0,15986.0,121751.0,540.0,Employed,2.0,60.0,Urban,0
101751,Female,56.0,48649.0,166127.0,809.0,Employed,3.0,24.0,Urban,1
101752,Male,29.0,30868.0,179009.0,643.0,Employed,1.0,36.0,Semi-Urban,1
101753,Female,25.0,18103.0,38165.0,645.0,Employed,1.0,36.0,Urban,1
101754,Female,31.0,23555.0,98037.0,551.0,Employed,2.0,36.0,Urban,0
101755,Male,26.0,7000.0,38726.0,533.0,Unemployed,2.0,36.0,Urban,0
101756,Male,37.0,36532.0,144113.0,629.0,Employed,0.0,12.0,,1
101757,Male,34.0,30125.0,139100.0,641.0,Employed,1.0,60.0,Urban,1
101758,Female,42.0,28240.0,181248.0,605.0,Unemployed,2.0,60.0,Semi-Urban,0
101759,Female,42.0,43485.0,274588.0,740.0,Employed,0.0,36.0,Urban,1
101760,Female,21.0,17976.0,103104.0,550.0,Unemployed,2.0,36.0,Rural,0
101761,Male,25.0,30819.0,122122.0,592.0,Employed,0.0,12.0,Urban,0
101762,Male,27.0,31233.0,70184.0,684.0,Employed,3.0,12.0,Urban,0
101763,Male,28.0,13812.0,86644.0,609.0,Unemployed,3.0,12.0,Rural,0
101764,Male,24.0,14496.0,45509.0,510.0,Employed,2.0,48.0,Rural,0
101765,Male,33.0,18673.0,89267.0,464.0,Employed,0.0,24.0,Urban,0
101766,Male,42.0,33982.0,215790.0,678.0,Employed,1.0,24.0,Urban,1
101767,Female,33.0,,211396.0,653.0,Self-Employed,2.0,12.0,Rural,1
101768,Male,34.0,22865.0,157899.0,581.0,Employed,0.0,12.0,Urban,1
101769,Male,39.0,38953.0,140205.0,709.0,Employed,0.0,36.0,Urban,1
101770,Female,42.0,38515.0,169447.0,636.0,Self-Employed,2.0,36.0,Semi-Urban,1
101771,Female,34.0,21368.0,82544.0,551.0,Self-Employed,1.0,36.0,Rural,1
101772,Female,29.0,36633.0,275190.0,660.0,Employed,0.0,36.0,Semi-Urban,0
101773,Female,37.0,29907.0,164700.0,709.0,Employed,2.0,36.0,Semi-Urban,0
101774,Female,21.0,7956.0,25690.0,,Employed,2.0,48.0,Rural,1
101775,Female,40.0,25774.0,178619.0,537.0,Employed,1.0,24.0,Urban,0
101776,Male,58.0,63776.0,167655.0,750.0,Employed,1.0,24.0,Semi-Urban,1
101777,Female,36.0,50999.0,267077.0,,Employed,1.0,60.0,Urban,1
101778,Male,25.0,17563.0,123948.0,497.0,Employed,2.0,48.0,Semi-Urban,0
101779,Male,49.0,46213.0,92581.0,632.0,Employed,1.0,36.0,Semi-Urban,1
101780,Male,26.0,45360.0,332524.0,734.0,Self-Employed,1.0,24.0,Urban,1
101781,Male,28.0,7000.0,44556.0,538.0,Employed,2.0,24.0,Semi-Urban,0
101782,Female,26.0,38102.0,246026.0,628.0,Unemployed,1.0,12.0,Rural,0
101783,Male,56.0,76829.0,488262.0,850.0,Unemployed,2.0,60.0,Semi-Urban,0
101784,Male,60.0,28424.0,71533.0,630.0,Employed,2.0,36.0,Urban,1
101785,Male,43.0,32030.0,178926.0,648.0,Unemployed,2.0,12.0,Urban,1
101786,Female,45.0,44773.0,66888.0,729.0,Self-Employed,0.0,24.0,Semi-Urban,1
101787,Male,46.0,42323.0,251382.0,553.0,Employed,0.0,24.0,Semi-Urban,1
101788,Female,45.0,48379.0,135019.0,702.0,Self-Employed,2.0,24.0,Urban,1
101789,Female,42.0,50841.0,308541.0,773.0,Employed,0.0,36.0,Urban,1
101790,Male,60.0,68549.0,229288.0,805.0,Self-Employed,2.0,36.0,Semi-Urban,1
101791,Female,50.0,38969.0,107204.0,680.0,Employed,0.0,60.0,Urban,1
101792,Male,24.0,19234.0,71654.0,610.0,Employed,0.0,48.0,Urban,1
101793,Male,36.0,40677.0,240039.0,692.0,Employed,0.0,60.0,Urban,0
101794,Female,59.0,36595.0,118578.0,723.0,Unemployed,1.0,60.0,Semi-Urban,1
101795,Female,37.0,15845.0,54647.0,612.0,Employed,0.0,60.0,Rural,1
101796,Male,29.0,50713.0,132651.0,737.0,Employed,1.0,60.0,Semi-Urban,1
101797,Male,55.0,47691.0,160755.0,716.0,Employed,1.0,36.0,Urban,1
101798,Male,45.0,42752.0,292903.0,542.0,Employed,0.0,24.0,Rural,0
101799,Male,43.0,46426.0,201478.0,687.0,Self-Employed,0.0,24.0,Urban,1
101800,Female,37.0,51177.0,196895.0,657.0,Self-Employed,3.0,36.0,Rural,0
101801,Female,25.0,43673.0,126890.0,716.0,Employed,3.0,48.0,Urban,1
101802,Female,36.0,41459.0,96235.0,700.0,Employed,4.0,12.0,Rural,1
101803,Male,38.0,18480.0,35618.0,603.0,Employed,1.0,48.0,Rural,1
101804,,58.0,42091.0,130926.0,772.0,Employed,0.0,48.0,Rural,1
101805,Female,33.0,35412.0,61077.0,642.0,Self-Employed,1.0,36.0,Urban,1
101806,Female,26.0,29281.0,47572.0,735.0,Self-Employed,1.0,36.0,Rural,1
101807,Male,38.0,16037.0,98769.0,564.0,Employed,0.0,24.0,Semi-Urban,0
101808,Male,60.0,70732.0,424455.0,783.0,Employed,1.0,36.0,Urban,0
101809,Male,40.0,25864.0,84818.0,574.0,Employed,1.0,24.0,Semi-Urban,1
101810,Male,36.0,52420.0,294083.0,732.0,Employed,1.0,36.0,Semi-Urban,1
101811,Male,47.0,68448.0,346942.0,850.0,Employed,3.0,36.0,Rural,1
101812,Male,46.0,51521.0,323257.0,681.0,Self-Employed,0.0,24.0,Semi-Urban,1
101813,Female,32.0,35368.0,122750.0,642.0,Employed,2.0,36.0,Urban,1
101814,Male,59.0,36017.0,243383.0,628.0,Unemployed,2.0,36.0,Semi-Urban,0
101815,Female,44.0,50784.0,319470.0,719.0,Employed,1.0,36.0,Urban,1
101816,Male,23.0,14222.0,149695.0,585.0,Employed,0.0,60.0,Urban,0
101817,Female,37.0,22553.0,131349.0,622.0,Employed,3.0,12.0,Semi-Urban,0
101818,Male,57.0,54128.0,106902.0,827.0,Employed,2.0,60.0,Semi-Urban,1
101819,Male,36.0,28911.0,151696.0,604.0,Employed,0.0,12.0,Semi-Urban,0
101820,Female,43.0,38298.0,190464.0,741.0,Employed,2.0,24.0,Semi-Urban,1
101821,Female,45.0,64796.0,188036.0,732.0,Self-Employed,1.0,60.0,Urban,1
101822,Male,49.0,39376.0,105476.0,604.0,Employed,2.0,48.0,Semi-Urban,0
101823,Male,55.0,85220.0,586511.0,850.0,Self-Employed,3.0,36.0,Urban,1
101824,Female,26.0,16599.0,45405.0,539.0,Self-Employed,1.0,48.0,Rural,0
101825,Female,41.0,59385.0,370596.0,850.0,Employed,0.0,36.0,Rural,1
101826,Male,42.0,28902.0,117490.0,589.0,Employed,0.0,48.0,Rural,1
101827,Male,27.0,24588.0,138499.0,572.0,Employed,1.0,24.0,Rural,1
101828,Male,47.0,40718.0,85698.0,676.0,Employed,0.0,48.0,Semi-Urban,1
101829,Female,25.0,27275.0,188995.0,630.0,Self-Employed,0.0,60.0,Semi-Urban,0
101830,Male,39.0,38416.0,136873.0,624.0,Unemployed,1.0,60.0,Rural,1
101831,Male,34.0,50298.0,334565.0,712.0,Employed,1.0,48.0,Urban,1
101832,Female,27.0,38886.0,109861.0,604.0,Employed,1.0,48.0,Rural,1
101833,Male,53.0,57342.0,165581.0,734.0,Self-Employed,1.0,36.0,Urban,0
101834,Male,30.0,39111.0,116073.0,729.0,Self-Employed,1.0,36.0,Rural,1
101835,Male,31.0,19615.0,47152.0,576.0,Employed,0.0,60.0,Semi-Urban,1
101836,Male,55.0,52501.0,355630.0,698.0,Self-Employed,0.0,36.0,Rural,1
101837,Male,56.0,42744.0,146576.0,767.0,Employed,0.0,36.0,Semi-Urban,1
101838,Male,22.0,13849.0,41666.0,506.0,Employed,3.0,48.0,Semi-Urban,0
101839,Female,32.0,33095.0,249414.0,724.0,Employed,1.0,12.0,Rural,1
101840,Female,49.0,25858.0,90425.0,683.0,Employed,1.0,48.0,Urban,1
101841,Male,52.0,60544.0,188925.0,786.0,Self-Employed,2.0,48.0,Urban,1
101842,Male,60.0,79092.0,420422.0,819.0,Employed,3.0,24.0,Urban,1
101843,Male,43.0,55663.0,236415.0,850.0,Employed,0.0,12.0,Semi-Urban,1
101844,Female,21.0,10978.0,53106.0,544.0,Employed,2.0,48.0,Semi-Urban,0
101845,Male,55.0,38638.0,204227.0,659.0,Employed,1.0,24.0,Semi-Urban,1
101846,Female,27.0,30118.0,103842.0,682.0,Employed,1.0,60.0,Urban,1
101847,Male,25.0,7000.0,43059.0,539.0,Employed,0.0,12.0,Urban,0
101848,Female,47.0,68922.0,445186.0,850.0,Self-Employed,0.0,24.0,Rural,1
101849,Male,45.0,41837.0,169968.0,658.0,Employed,2.0,12.0,Semi-Urban,1
101850,Female,23.0,51176.0,293173.0,748.0,Self-Employed,0.0,48.0,Urban,1
101851,Male,27.0,7000.0,67778.0,435.0,Employed,2.0,36.0,Urban,0
101852,Female,44.0,63318.0,309132.0,835.0,Self-Employed,1.0,48.0,Urban,1
101853,Male,31.0,36794.0,273716.0,650.0,Self-Employed,1.0,60.0,Rural,0
101854,Female,48.0,43727.0,101934.0,720.0,Employed,2.0,36.0,Semi-Urban,1
101855,Female,37.0,19162.0,105886.0,560.0,Employed,3.0,24.0,Semi-Urban,0
101856,Female,44.0,41449.0,84479.0,653.0,Unemployed,2.0,12.0,Semi-Urban,0
101857,Male,39.0,45914.0,293287.0,669.0,Employed,0.0,60.0,Rural,1
101858,Male,35.0,63822.0,303994.0,845.0,Self-Employed,0.0,24.0,Urban,1
101859,Male,34.0,44397.0,172764.0,790.0,Employed,1.0,60.0,Urban,1
101860,Male,48.0,40573.0,90010.0,656.0,Employed,0.0,60.0,Urban,1
101861,Female,41.0,27954.0,196608.0,647.0,Employed,1.0,36.0,Rural,0
101862,Female,44.0,35878.0,122395.0,670.0,Self-Employed,1.0,36.0,Semi-Urban,0
101863,Female,44.0,60979.0,186188.0,801.0,Employed,0.0,60.0,Semi-Urban,1
101864,Male,29.0,26462.0,59498.0,510.0,Self-Employed,1.0,48.0,Rural,1
101865,Female,57.0,84363.0,450802.0,844.0,Self-Employed,3.0,48.0,Urban,1
101866,Female,43.0,48501.0,173106.0,688.0,Employed,0.0,36.0,Urban,1
101867,Female,49.0,52759.0,295637.0,637.0,Employed,1.0,36.0,Semi-Urban,0
101868,Male,56.0,52818.0,313332.0,833.0,Employed,0.0,36.0,Rural,1
101869,Male,57.0,65528.0,110051.0,846.0,Employed,3.0,60.0,Urban,1
101870,Female,47.0,55414.0,286143.0,753.0,Self-Employed,0.0,36.0,Semi-Urban,1
101871,Male,52.0,47669.0,164424.0,606.0,,1.0,48.0,Rural,1
101872,Male,39.0,46152.0,111258.0,618.0,Employed,0.0,12.0,Semi-Urban,1
101873,Female,50.0,57172.0,337726.0,764.0,Self-Employed,0.0,60.0,Semi-Urban,1
101874,Female,33.0,21620.0,44675.0,690.0,Employed,0.0,36.0,Urban,1
101875,Female,49.0,55998.0,379155.0,734.0,Employed,1.0,48.0,Urban,1
101876,Female,24.0,20532.0,131417.0,623.0,Employed,1.0,12.0,Urban,1
101877,Male,57.0,63467.0,177232.0,788.0,Employed,1.0,60.0,Urban,1
101878,Male,30.0,31454.0,198252.0,624.0,Self-Employed,3.0,48.0,Rural,0
101879,Male,47.0,32091.0,144682.0,707.0,Employed,2.0,36.0,Semi-Urban,1
101880,Male,21.0,38821.0,117879.0,658.0,Employed,1.0,36.0,Rural,1
101881,Male,27.0,43159.0,162674.0,663.0,Employed,1.0,36.0,Urban,1
101882,Female,60.0,71505.0,499786.0,850.0,Employed,3.0,36.0,Urban,1
101883,Male,54.0,49646.0,169384.0,740.0,Employed,2.0,24.0,Semi-Urban,1
101884,Female,29.0,23196.0,128057.0,651.0,Employed,1.0,36.0,Urban,1
101885,Male,26.0,49088.0,224199.0,682.0,Self-Employed,1.0,36.0,Urban,1
101886,Male,53.0,57954.0,244902.0,846.0,Self-Employed,3.0,36.0,Urban,1
101887,Male,60.0,53309.0,166460.0,773.0,Employed,2.0,48.0,Urban,1
101888,Male,27.0,56067.0,266809.0,782.0,Self-Employed,0.0,36.0,Urban,1
101889,Female,47.0,46028.0,277880.0,725.0,Employed,1.0,12.0,Urban,1
101890,Male,32.0,42321.0,246298.0,644.0,Unemployed,2.0,60.0,Rural,0
101891,Male,50.0,33119.0,81410.0,646.0,Employed,2.0,36.0,Urban,1
101892,Female,37.0,41818.0,197103.0,670.0,Employed,3.0,48.0,Semi-Urban,0
101893,Male,26.0,48353.0,74771.0,783.0,Employed,0.0,60.0,Semi-Urban,1
101894,Male,33.0,31557.0,162225.0,626.0,Employed,1.0,48.0,Semi-Urban,1
101895,Male,42.0,46932.0,282809.0,625.0,Self-Employed,0.0,36.0,Semi-Urban,0
101896,Male,52.0,38087.0,126357.0,581.0,Employed,0.0,36.0,Urban,1
101897,Female,21.0,30988.0,237158.0,539.0,Employed,2.0,48.0,Urban,0
101898,Male,59.0,50558.0,202216.0,777.0,Employed,0.0,48.0,Semi-Urban,1
101899,Male,46.0,53362.0,290405.0,680.0,Self-Employed,2.0,24.0,Rural,0
101900,Male,56.0,50686.0,293458.0,745.0,Self-Employed,1.0,36.0,Urban,1
101901,Female,58.0,77383.0,465120.0,850.0,Employed,2.0,60.0,Semi-Urban,1
101902,Male,27.0,38459.0,208285.0,672.0,Employed,1.0,48.0,Rural,1
101903,Female,24.0,20921.0,90359.0,602.0,Employed,1.0,24.0,Semi-Urban,1
101904,Male,52.0,47250.0,212601.0,718.0,Self-Employed,2.0,36.0,Semi-Urban,1
101905,Female,28.0,53131.0,218282.0,593.0,Self-Employed,2.0,36.0,Semi-Urban,1
101906,Male,26.0,19109.0,90575.0,550.0,Employed,0.0,24.0,Rural,0
101907,Male,39.0,33538.0,216912.0,656.0,Self-Employed,1.0,48.0,Semi-Urban,1
101908,Male,57.0,36455.0,108205.0,754.0,Employed,2.0,36.0,Semi-Urban,1
101909,Female,52.0,53348.0,354930.0,836.0,Self-Employed,2.0,24.0,Semi-Urban,1
101910,Female,41.0,22544.0,92515.0,512.0,Employed,2.0,36.0,Urban,0
101911,Male,28.0,18226.0,145078.0,544.0,Employed,4.0,60.0,Rural,0
101912,Male,34.0,41233.0,144341.0,605.0,Employed,1.0,60.0,Rural,0
101913,Female,48.0,43195.0,273120.0,785.0,Employed,0.0,48.0,Semi-Urban,1
101914,Male,27.0,19868.0,55119.0,603.0,Unemployed,1.0,60.0,Urban,0
101915,Male,41.0,31320.0,136477.0,655.0,Employed,6.0,60.0,Semi-Urban,0
101916,Male,21.0,27782.0,178824.0,610.0,Self-Employed,2.0,36.0,Urban,1
101917,Female,34.0,64351.0,241966.0,850.0,Self-Employed,0.0,12.0,Semi-Urban,1
101918,Female,30.0,32718.0,105493.0,695.0,Self-Employed,0.0,48.0,Urban,1
101919,Female,48.0,43313.0,284453.0,741.0,Unemployed,1.0,36.0,Rural,1
101920,Female,57.0,38814.0,248183.0,702.0,Employed,2.0,36.0,Rural,1
101921,Male,26.0,41741.0,112741.0,674.0,Employed,4.0,60.0,Urban,1
101922,Male,52.0,46374.0,267606.0,761.0,Employed,1.0,36.0,Semi-Urban,1
101923,Male,47.0,59206.0,193783.0,835.0,Employed,0.0,60.0,Rural,1
101924,Male,59.0,67322.0,199464.0,810.0,Self-Employed,1.0,36.0,Urban,1
101925,,57.0,64939.0,342896.0,803.0,Employed,1.0,12.0,Urban,1
101926,Male,25.0,30452.0,104985.0,693.0,Employed,1.0,60.0,Urban,1
101927,Male,50.0,44471.0,212756.0,800.0,Employed,0.0,48.0,Rural,1
101928,Female,44.0,56403.0,202922.0,734.0,Employed,1.0,36.0,Semi-Urban,1
101929,Male,25.0,22292.0,102311.0,556.0,Self-Employed,1.0,36.0,Urban,1
101930,Male,31.0,38335.0,120640.0,694.0,Employed,0.0,24.0,Urban,1
101931,Female,58.0,63018.0,225696.0,824.0,Self-Employed,0.0,24.0,Semi-Urban,1
101932,Female,42.0,54295.0,371074.0,720.0,Self-Employed,3.0,12.0,Urban,1
101933,Female,34.0,35756.0,218090.0,749.0,Self-Employed,1.0,24.0,Semi-Urban,1
101934,Female,33.0,31800.0,123139.0,662.0,Employed,0.0,36.0,Urban,1
101935,Female,54.0,50404.0,391195.0,756.0,Self-Employed,1.0,36.0,Semi-Urban,1
101936,Male,32.0,33071.0,145752.0,742.0,Employed,1.0,24.0,Semi-Urban,1
101937,Male,27.0,25130.0,111086.0,577.0,Employed,1.0,36.0,Rural,1
101938,Female,43.0,44718.0,153565.0,690.0,Self-Employed,1.0,24.0,Urban,1
101939,Male,60.0,69240.0,176616.0,762.0,Self-Employed,2.0,24.0,Semi-Urban,1
101940,Male,28.0,27308.0,88761.0,604.0,Employed,0.0,60.0,Semi-Urban,1
101941,Male,31.0,30604.0,162330.0,535.0,Self-Employed,0.0,60.0,Semi-Urban,0
101942,Male,39.0,36255.0,262369.0,704.0,Employed,0.0,48.0,Urban,1
101943,Male,28.0,13633.0,73440.0,561.0,Employed,0.0,12.0,Urban,0
101944,Male,47.0,65749.0,204346.0,787.0,Unemployed,0.0,48.0,Semi-Urban,1
101945,Female,31.0,41709.0,154355.0,688.0,Employed,4.0,24.0,Semi-Urban,0
101946,Female,26.0,35777.0,83584.0,687.0,Self-Employed,4.0,36.0,Rural,1
101947,Male,31.0,43065.0,269226.0,638.0,Employed,1.0,60.0,Rural,0
101948,Female,58.0,43949.0,241468.0,702.0,Self-Employed,0.0,36.0,Semi-Urban,1
101949,Male,58.0,37008.0,196898.0,691.0,Self-Employed,1.0,60.0,Rural,1
101950,Female,41.0,44209.0,297668.0,594.0,Self-Employed,0.0,48.0,Semi-Urban,0
101951,Female,37.0,19057.0,28692.0,605.0,Employed,0.0,36.0,Urban,1
101952,Male,53.0,59361.0,155543.0,684.0,Self-Employed,0.0,12.0,Urban,1
101953,Female,28.0,28168.0,68412.0,612.0,Employed,2.0,48.0,Rural,1
101954,Female,47.0,48645.0,306342.0,643.0,Unemployed,1.0,36.0,Urban,1
101955,Female,48.0,34041.0,124278.0,730.0,Employed,2.0,12.0,Rural,1
101956,Female,49.0,53596.0,100835.0,696.0,Employed,1.0,24.0,Urban,1
101957,Male,29.0,35973.0,167348.0,556.0,,3.0,60.0,Urban,0
101958,Male,49.0,52970.0,158988.0,763.0,Employed,3.0,24.0,Semi-Urban,1
101959,Female,45.0,38163.0,166296.0,651.0,Employed,1.0,60.0,Rural,1
101960,Female,56.0,82098.0,166882.0,820.0,Self-Employed,1.0,48.0,Rural,1
101961,Female,27.0,23358.0,155080.0,620.0,,1.0,36.0,Urban,0
101962,Male,45.0,65690.0,264965.0,717.0,Employed,0.0,36.0,Urban,1
101963,Male,54.0,44815.0,300230.0,654.0,Employed,4.0,48.0,Semi-Urban,0
101964,Male,32.0,39014.0,207221.0,647.0,Employed,1.0,36.0,Rural,1
101965,Female,50.0,49184.0,87617.0,779.0,Employed,0.0,12.0,Urban,1
101966,Male,24.0,17367.0,102718.0,629.0,Employed,1.0,24.0,Semi-Urban,0
101967,Female,49.0,56388.0,398453.0,,Employed,1.0,60.0,Urban,1
101968,Female,45.0,40810.0,209803.0,680.0,Employed,0.0,48.0,Semi-Urban,1
101969,Male,28.0,7000.0,55561.0,367.0,Employed,0.0,36.0,Urban,0
101970,Male,23.0,7000.0,21404.0,507.0,Self-Employed,1.0,24.0,Rural,1
101971,Male,50.0,74169.0,160634.0,850.0,Self-Employed,2.0,36.0,Urban,1
101972,Female,30.0,42663.0,146970.0,767.0,Employed,1.0,48.0,Semi-Urban,1
101973,Female,40.0,61548.0,290299.0,829.0,Employed,1.0,12.0,Semi-Urban,1
101974,Male,23.0,28990.0,146051.0,542.0,Self-Employed,0.0,60.0,Urban,0
101975,Male,59.0,44288.0,340789.0,679.0,Employed,1.0,60.0,Urban,1
101976,Male,42.0,36065.0,174445.0,768.0,Employed,1.0,36.0,Semi-Urban,1
101977,Male,58.0,58837.0,150815.0,711.0,Employed,0.0,60.0,Semi-Urban,1
101978,Female,27.0,12516.0,56234.0,468.0,Employed,0.0,48.0,Semi-Urban,0
101979,Female,29.0,55583.0,315708.0,807.0,Self-Employed,2.0,48.0,Semi-Urban,1
101980,Male,45.0,62274.0,213338.0,759.0,Unemployed,1.0,24.0,Urban,1
101981,Female,45.0,41139.0,268483.0,600.0,Unemployed,3.0,60.0,Rural,0
101982,Male,52.0,51970.0,180127.0,834.0,Employed,2.0,36.0,Urban,1
101983,Female,58.0,43160.0,221211.0,727.0,Employed,0.0,48.0,Semi-Urban,1
101984,Male,53.0,71757.0,302918.0,839.0,Employed,4.0,24.0,Rural,1
101985,Female,26.0,24416.0,169284.0,534.0,Employed,2.0,36.0,Rural,0
101986,Female,33.0,27730.0,97177.0,728.0,Employed,1.0,60.0,Urban,1
101987,Male,57.0,72374.0,256149.0,847.0,Self-Employed,2.0,36.0,Urban,1
101988,Female,42.0,34071.0,158571.0,728.0,Employed,1.0,12.0,Semi-Urban,1
101989,Female,55.0,48163.0,299153.0,753.0,Unemployed,2.0,48.0,Urban,1
101990,Male,43.0,24890.0,110918.0,571.0,Employed,0.0,24.0,Semi-Urban,1
101991,Male,22.0,32145.0,125835.0,612.0,Employed,1.0,60.0,Semi-Urban,1
101992,Female,39.0,45547.0,332504.0,779.0,Self-Employed,1.0,60.0,Urban,0
101993,Male,53.0,76106.0,428335.0,850.0,Self-Employed,2.0,12.0,Urban,1
101994,Male,47.0,44186.0,128887.0,604.0,,1.0,36.0,Semi-Urban,1
101995,Male,26.0,21866.0,110245.0,613.0,Employed,0.0,60.0,Semi-Urban,1
101996,Female,29.0,12252.0,75887.0,523.0,Employed,1.0,60.0,Urban,0
101997,Male,55.0,64517.0,349823.0,763.0,Employed,2.0,36.0,Urban,1
101998,Male,60.0,50390.0,232871.0,756.0,Employed,0.0,48.0,Urban,1
101999,Female,51.0,45163.0,228987.0,638.0,Employed,1.0,36.0,Semi-Urban,1
102000,Male,24.0,21313.0,70083.0,554.0,Employed,0.0,24.0,Semi-Urban,0
